0,XXX-WNR-TGQ-XXX-XXX-INR-QNR
1,XXX-REV-QDS-SEL-SGM-QNM-EPR
2,SQS-LQS-GHK-DKA-GQS
3,TGR-TNR-TNR-SDK-DDE-FNQ
4,XXX-DAA-LLL-TNR-DSR-DAR-QSA-NDK-RNS-DSQ
5,XXX-SEK-ATN-QAY-QER-QGI-TDK-AMR-NEK-TLV-FAH-SQS
6,QDR-RHQ-RHQ-RHQ-RHQ-EDK-QDR-RHQ-RHT-EDK-QNT-RAK
7,TEI-NYQ-XXX-XXX-DSI
8,RHA-DNT-DNT-QNK-KAS-KTN-EKT-DNT-QSI-NHA
9,TNT-TSI-TDK-AHT-TSS
10,RMP-QYV-SHE-SEN-DQH-SEN-NGK-TAM-RHI-NGR-CAK-TKH-HNQ-LSR
11,QHE-QSP-HSQ-QGQ-QHQ-HYQ-QHI-HSK-CSR
12,QHE-QST-HSQ-QSQ-QHE-HYH-QHN-HSK-YSR
13,KHR-RHT-HQV-WSQ-YSK-NVT-KHR-QNV
14,KVK-TNK-XXX-KMK
15,NNT-RNR-RDT-QTV-NSV-DNA-RNR
16,HQV-PFM-XXX-NNT
17,KHS-RER-RHQ
18,KHT-RER-RHQ
19,HAQ-XXX-QPQ-FSQ-QHQ-HSK-QPQ-XXX-XXX-HSK-QPQ-XXX-XXX-QHQ-XXX
20,QER-XXX-NDK-DSK
21,EHR-DSK-CTQ-TEC-AVK-TGN-TGN-XXX
22,HSQ-RTT-QDK-QNT-RDR
23,PAQ-RYN-WDK-LHS-RHN-WDK-VHT-RHN-DTQ-QHR-YHQ
24,XXX-NSA-GSS-SSA-HLS-EEA-SSR-XXX-SSR-SNT
25,TQC-SLQ-NAQ-FDE
26,QSR-RQY-FIQ
27,HTQ-WDK-RDK-KSR-VRE-KNE-QRR-RTR-IEQ-RHR
28,YSN-TNV-SAK-DNR-RHK-RHV-GSM-ITK-RKY
29,SHR-QLR-QHR-XXX
30,WIE-RNK-WQN-WQS-QNQ-KNQ-EHR-QSR-RHS-QNQ-KSQ-QHS-QIK-QSR-XXX
31,XXX-XXX-HTI-XXX-ENV-XXX-XXX-WSS-QDK-WRQ
32,NQE-SSR-TAT
33,SII-CTR-YNR-QDR
34,XXX-XXX-XXX-XXX-LVK-LYQ-LYQ-QHE-WYQ-WYQ-WYN-QHK-HQV
35,CAR-SSR-YYE-FSQ-RYI-CVV-YNE-SAS-XXX
36,RLR-SGR-FSR-VSI-FST-CSY-RSN-RSL-RHR-SSG
37,RSR-ISI-FSR-RHD-YCY-CSG-YSK-CSD-RTK-XXX
38,XXX-XXX-HCE-SSN-HNK-WYL-QNK-RHE-SSN-XXX
39,XXX-DDG-LHS-RHR-QDR
40,YVR-RDA-HRL-HAL-XXX-SGS-KTR-ETR-ETR-QDV-DDK-CNV-VKL-HSQ
41,FHE-TNI-QSW-KSA
42,XXX-CFR-CSA-XXX-SSR-XXX-XXX
43,FHD-RST-HVG-RDH
44,RSE-YQR-YHE-XXX-KSR-HHE-XXX
45,KYK-SHR-VTV-HTE-XXX-GCV-XXX-XNV
46,XXX-ENQ-QHN-VNE-HAV-VNV-EAK-QVK
47,XXX-EKK-RLL-RHI-HYV-XXX-RYI-HDK-RGV-XXX-XXX-RYI-HDV-CVS-EVV-XXX-XXX
48,QAV-KDR-HSR-QHE-VYV-QHV-RHT-QAV-YDK-VVL-QHI-QQA
49,EHR-DNK-HAL-QDK-VHV-ENQ-HLR-LDV-HTQ-NYK-QQQ-HAV-VGF-HSV-REQ-QNV
50,QAR-KDK-ETQ-FVV-RDK-ETK-YGE-QAV-VKA-VKV-QAV
51,XXX-RHQ-XXX-XXX-YTQ-XXX-IKE-XXX-XXX-QKE-QGL-WNI-XXX-XXX-CHQ-KDV-QNE-CSK-WEI-HKE-WSK-XXX-XXX-XXX-XXX
52,QAR-XXX-XXX-RDK-ETK-CSE-QAV-XXX-QAV
53,EHR-ENK-HAL-QDK-MHV-QHQ-HVR-LDI-HTQ-NYK-QQQ-HAV-VGL-HSV-RDK-QNV
54,XXX-XXX-YCV-ENV-DAV-QNN-VKE-HSV-QST
55,XXX-XXX-NGV-EYV-XXX-QDY-VKV-QSV-QSV-XXX-XXX-QSA
56,QEL-RSI-RSI-QKI-QNI-QNI-QDI-QKI-QNI
57,YSS-NSN-KTN-KIS-QAR-DTE-KTS-YSG-KTG-HGE-RAQ
58,QSL-ANT-QSV-NNV-QSV-TNL-XXX
59,QTQ-QNQ-QNQ-QHQ-QHQ
60,RER-RHT-RER
61,XXX-NSS-DAS-SSS-LLR-QLD-XXX-XXX-SSR-TAT
62,DVQ-DTQ-TEK-RHR-NTG
63,GRE-YHA-DNH-DLI-NDC
64,QHI-CVV-XXX-QVV-XXX-XXX-XXX-XXX-LVI-HYK
65,ADH-SLA-TDD
66,MFE-XXX-WDK-QHE-TSN-QDK-QNV-WDK-QNV-QHV
67,RSR-RNK-RSR-RNK
68,QDR-XXX-QSN-XXX-RVV-QNI-QNI-HDI-KKT-QHI-HNI-HAI
69,TDK-TIV-SNN-ESK-QTM
70,TGI-NGS-NAS
71,QVT-XXX-QNT-QTR-DNT-QYK-DNT-VAT
72,XXX-QAR-VTM-LHR
73,KHM-RQR-RHT-RER
74,QHK-SSA-TDE-RSL-NSN-QNG-QER-DTA-LKR-LSR
75,LQR-SNV-QSW-KSA
76,YMR-DDR-QSS-SGL
77,XXX-XXX-QHR-QNR-QNX
78,VDK-WGK-XXX-XXX-RSR
79,XXX-VNV-XXX-XXX-VTI-TTI-HST-TVV-XXX
80,DRM-KAT-AAQ-SAR-DTS-LQT-DAK-SSK
81,TKE-XXX-TLD-LSN-SSS-RNV
82,CHR-RHR-WDR-QVT-ERA-HAK-RHR-RHR
83,SQQ-EKQ-SSS-RLD-RKL
84,RNQ-RSM-SEH-NNV
85,SEI-NYQ-XXX-NYQ-XXX-DSV
86,XXX-NRR-QHR-QNR-XXX-QSX
87,WHR-RHR-CHS-RHR-RHR
88,KHA-RER-RHK
89,KHA-RER-RHK
90,GVV-QNR-RAG-QTE-DMI-DES
91,DST-NSW-DLK-SAY-HEY-GTC-TLK
92,XXX-SKV-DNT-QHS-RDQ-RHK-XXX
93,EDM-HEI-TKR-WHI-NNM-HSM-QSI-QSI-QSI
94,KQI-QLV-RLL-RQR-QKT-WQT-RLR-RQK-KER-GQT-QSS-ESH-WQR-QQK-EQI-RHR-RQI
95,CQV-ANA-FQV-WQL-LPV-SYV-MQV-RQA-SYI-GQI-RSI-QSE-WGI
96,KSK-QQT-QQS-RHS-ENN-RQT-EER-ESN-QHS-RQR-ESN-QHS-EST-QQT-EER-ESN-RHP-QQN-QQN
97,RSL-QNK-YFE-RNR-SER-RHR-CFK-WSQ-RSL-WNK
98,XXX-DTR-QSA-TYV-THV-GSM-VSR-QSI
99,XXX-WNR-RHG-WHT-HRR-QHL-QHV-RHS-QAV-RDK-QPV-XXX
100,SYV-SYV-FQI-RQS-LQI-TNV-FQV-LQV-SYI-FQI-RQS-LQI-TNV-FQV-LQV-SYI-FQV-RQS-SYI-WLV-GRV-RQV-QIA-WQM
101,RHQ-XXX-XXX-WKI-QKE-QGL-XXX-WNI-XXX-XXX-XXX-KDV-XXX-CSK-XXX-HKE-RSK-XXX-IHQ-XXX
102,KKA-RHR-TNK-KQI-SKR-TEK-RYQ-TNS-XXX
103,KHA-RER-RHL
104,XXX-XXX-RNI-NDK-HSK
105,RHQ-QDI-XXX-YTQ-XTI-KKE-CGQ-WDI-QKE-QGL-XXX-WNI-XXX-XXX-KDV-CSK-WEI-HKE-WSK-XXX-XXX
106,FIL-QLS-TER-QEH-QFG-EFN-SHV-QSY-ALL
107,SAI-TNV-CAL-TNA-NTQ-SAE-ETK
108,KAD-YTV-TNI-INI-LNL-SKL-SAQ-EQA-GAF-QIV-QTI-NIT-SLS-GAS
109,CNS-RYK-TIK-SGR
110,XXX-YYN-HSR-XXX-XXX-HST-XXX-XXX-SYR
111,DSK-NQV-IDR-XXX-XXX
112,XXX-QHE-RQL-RDR-NQQ-LDS
113,WHY-VRV-TNN-ESK-QSV
114,SFQ-FNV-QKR-NNV-QKR-VTK
115,DAK-EKR-LNT-QNS
116,SVL-CTR-YNR-QDR
117,XXX-KHQ-RYX-RYQ-XXX-XXX-XXX-XXX-RTQ
118,XXX-KHQ-RYX-RYQ-XXX-XXX-XXX-XXX-RTQ
119,XXX-KHQ-RYX-RYQ-XXX-XXX-XXX-XXX-RTQ
120,KHA-RER-RHK
121,TKR-QHR-NTK-SKR-QHI-IKK-SKR-QHR-SKR-QHR
122,RRR-DNT-QSI-NHA-KDA-KAK
123,TQC-TVQ-IPH-TED
124,DTI-XXX-NSI-NTA-XXX
125,RHT-DNR-RNT-RNA-NST-YNR-QAT-RNT-QSA-WNK-QQV-RIM-WVI-NNT
126,XXX-XXX-NSA-TLS-TSD-XXX-DSS-TSK-SSR
127,YKI-QGF-QYC-XXX
128,SNT-QHT-QHR-YEA-TQR-YQN-QHQ-LNR-QTT-XXX-LNR
129,QYR-QDT-DTK-RHM-RNT-QDK-DHA-QHT-DAK-QHT-QHT-QHC
130,TSR-XXX-TTA-KLK-THG-ESR-XXX
131,QRA-RIL-QHK-RSQ-RSR-RHA-QQS-RSR-QDR-QHR-NNR-RHR-RNR-RHR
132,WHT-RHQ-HTQ-RDT-QAT-QNA-HHA-RNR
133,WDR-SDR-RYD-LYD-QHA
134,EYS-HNK-QHR-KEL-RNR
135,NNR-QHR-CNR-HNR-RHI-QHR-HNR-HNR-RRS
136,VDK-WDK-QNT-QHK-RSR
137,RYR-ENA-QSV-NQA-NHA-KAR
138,WER-RTL-QNQ
139,DYL-HNT-QHR-WGQ-CES-LEC-SHT
140,RNI-NDK-DSK
141,KHK-DNT-QSI-NHA-RDK
142,TNV-CTM-PFI-TNV
143,RSR-DNA-QSI-NHA-NRE-KVK
144,NNR-DHR-RRY-XXX-XXX-TQG
145,QDK-DAK-QDK-DAK-LSS-RDK-DAK-LTR-RDK-DAK-RDK-DAK
146,RTK-QAK-ANQ-QNQ-GCR-QAK-HNE-LHR
147,RTQ-QDK-DYR-DYR-QSS-QAP-QVI-RTQ-RTQ-QDR
148,WTE-HSK-RAS-LGK
149,WTE-HSK-QAS-QAQ-YDR-QEA-QAK
150,YLS-QYQ-QSI-YLI-YLI-YLS-RAA
151,YLS-QNQ-RSN-YLI-QAI-SRS-QTQ-RSI-YLS-QHQ-XXX
152,QKR-QHQ-WNQ-QNK-RDQ-QNK-QEQ-HTK-LTR-VNN-MTR-RHQ-QNT-EEQ-DIQ-DVQ-LEL-DAR-EAL
153,NRR-TES-QCV-AKI-DVK-XXX-RSC-QSS-DSR-QDM-ADR-ESK-VSK-TLR-DGK-SDK
154,SER-HSN-NAS-HSN-NAN-LEE-HSN-NAN-HSN-NAN-DSR-HSN-TAN-HGS-SAS-GGL-HSN-NAN-HSN-NSN-LQS-HSN-NAD-GSR-XXX-NAS-SES-HSN-NSN-TRG-RSQ
155,QYQ-QSQ-GNK-XXX
156,XXX-VNQ-HNR-XXX-QNQ
157,XXX-XXX-XXX-SYR-XXX-MAQ-CYK-XXX-RRR-XXX-CSV-YCR-XXX-XXX
158,XXX-XXX-HHQ-SYR-HNV-VAQ-CYK-RSV-CRQ-CSK-HCV-RNR-RTR-XXX
159,QKQ-XXX-RNV-CYK-RCQ-RNM-RCQ-CNV-YHR-DGV-YDQ-YYT-SYT-YYT-SYA-XXX
160,HSK-YYN-XXX-XXX-XXX-YYY-YSK-XXX-XXX-FSK
161,XXX-RYR-HSR-RHI-SSS-QEK-DTA-SGC-XXX-TNE-DSE-TSE-NST-SSQ-SDK-SSV-KDV-TEC-ALK-MLN-SGE-STE-SEE-SEI-SDS-NEI-SKC
162,SAI-TNV-CAM-TNT-NVQ-CAI-TNQ-SAI-XXX
163,HSE-XXX-LSQ-HER-QHH-HHR-XXX-RDQ-QAR-QHY-XXX-RAK-YDR-QHK-DLE
164,RNR-TLN-TER-DKR-QTM-EAQ-QLM
165,HSK-WQE-HSQ-RSQ-HSQ-RSQ-QSK-HDD-RSE-RSQ-QSQ-KND-RAK
166,IKW-YHT-VSR-CAT-VKQ-CQQ-NKQ-VKQ-CQQ-VKR-SND-IKR-CNV-VHR-FDI-FQQ
167,YYR-GSR-DNR-SEI-GPR-RHQ-FKR-AQR-SNQ
168,YST-SSG-YTA-TNI-VNI-LNL-ANQ-DRV-NHL-TAT-TKL-TAK-QIV-QTI-NIS-XXX-SHE-AAA-ASD-GAQ
169,FLS-HNK-HNV-QET-KNI-QQI-QTL-RRV
170,SGR-SEL-DME-KKR-EEA-KQR
171,SSI-TNR-TIS-XXX-VDE-XXX
172,TGR-SAM-RLG-DNA-XXX
173,XXX-XXX-VSQ-XXX-GLE-NCN-VGR-TGE-VSE-GGK-RLE-NCK-VSE-THV-SHE-AHK-XXX-NCH
174,IYR-QHV-QSY-KNV
175,SQA-DTQ-QTR-RRE-QNS
176,QHQ-TSR-QHH-QAL-VQQ-HGR-QER-QER-GER-RHV-DEL-QQI-RHR
177,YHV-QNQ-WHQ-QYQ-WER
178,RNI-QNI-QNR-GNL-QDI-QHP-QHE-GAK-XXX-GDR-QDR-GDR-QHT-RLQ-WAK-GDR-QDR-GDK-QHT-RLQ-WAK-XXX-GDR-SDK-QHT-XXX-WAK-GDG-QDR-GDR-QHS-GAK
179,YNS-RNT-HTS-HQL
180,XXX-TSR-LYK-TNT-TKK-TAR
181,RQF-RDK-DGH-QNR-WSK
182,YVR-HNK-EST-RHQ-HAK-HSK-QHQ-RNK-HAQ-CSR
183,KSK-HSA-QHI-QHI-HSN-QHQ-QYR-HTQ-QNQ-QHQ-QNQ-YSQ-QCQ-QNQ
184,YLQ-QYQ-ASV-XXX-DKR-NYV-NIV-SSV-RNE-NCV-RSI-IHV-KNE-TYV-NQV-SGT-QHE-RYV-TQL-TDV-SSV
185,CVQ-HNK-EST-RHQ-HAK-HSK-QHQ-QNK-HAQ-CSR
186,SVV-QNR-RAG-XXX-DMI-DES
187,KHA-RER-RHK
188,KLA-RER-RHK
189,TYK-XXX-KSE-XXX-RSV-XXX-MYE-SNR-XXX
190,YHR-QYC-QYC-XXX-XXX-XXX-XXX-XAM-XXX-RHR-XXX-QNC-XXX-XXX-GTH-XXX-XXX-QSK-XXX-XXX
191,DHR-DHR-RRY-XXX-XXX-XXX
192,DRK-THE-RDK-HHD-KDR
193,XXX-KHQ-RYQ-RYQ-RYQ-RHQ-RHR-WHQ-RHQ-RTQ-XXX
194,RHQ-XXX-XXX-XXX-XXX-YGQ-XXX-QKE-QGL-XXX-WNI-XXX-XXX-XXX-YSK-XXX-HKE-RSK-XXX
195,RYH-HSR-RHI-SSG-FDK-ESN-TES-XXX-SNE-DTE-TSE-SST-NSK-SDK-SSL-NDL-TEC-ALK-MLN-SGE-STE-SEE-SEI-SEN-NDV-SKC
196,QSQ-LYI-QAR-QYI-QKR-QET-LNR-RAQ-HVR
197,QKR-LDR-GER-RAQ-RIE-QAQ-HGQ
198,XXX-WDK-QDI-QDK-QDL-QDK-QVL-RDN-RDK-QNL-RDK-QDK-QDL-QDK-QAL-RDN-TDE-QEI
199,QAL-RIQ-QGN-QNR
200,QAL-RIQ-QNR
201,XXX-XXX-NSS-DAS-SSS-LLR-QLD-QVS-SSR-NQE-SSR-TAT
202,SDK-ELA-NDI-SDE-DND-SDE-SVR-SGK-SNV-TDR-SSL-GGV-TNQ-SNL-XXX-QDN-EAN-TAD-TAK-THR-VEN
203,TEV-SDV-TQA-TTS-SAL
204,FSQ-QNI-RDL-RSS-QFA-EFN-NSA-TQL-YVM-QHA
205,KQR-VNL-RSA-LQV-TEE-KQR-QAT-QNS-SST-KDR-VTA-TSV-THT-XXX-SVA-TSR-TNK-KHQ-SVS-TSR-THK-VTC-TSV-TRT-SVH-KQR-QAV-QNL
206,SAI-TNV-CAM-TNT-NVQ-CAI-TNQ-SAI-XXX
207,VSN-LSK-XXX-DGE-TAL
208,KHS-RER-RHK
209,RSE-HTR-RSQ-QYL-DSQ-QSR-QST
210,CHM-RSR-DSS-YTR-YTR-YAR-YSR-YSR-HSG-WSK-LCE-CSK-WLQ-WSI-CSR
211,HSR-RYT-RSE-CSA-CSV-WSR-WSK-WSK-CAG
212,RYI-WDV-SSG-XXX-XXX-RSR-XXX
213,HSR-HYH-GSR-YTR-YAR-WTV-SSG-WTE-SSG-WTE-SAG-WTN-WSN
214,CSG-YYR-CYE-CSD-CSE-YSA-CYR-FSI-CSE-HYK-CSV-YSA
215,TSR-SYV-SYV-NYP-TIR-TSS-RNQ-NSI-VSK-SYV
216,RGQ-HTQ-WTK-HLQ-QAK-QAQ-QNH-QAQ-QSK
217,SDQ-SEA-XXX-SAL
218,TNQ-SYI-DSL-TNS-TSG-KYQ-SSV-NAK-SYV
219,TSR-DAS-TAI-RHA-HHE-WNL-DSK-NIT-ANA-DSR-NTT-INV-DSS
220,DSS-XXX-CFA-CSE-CSK-SHI-EKV-CSI-XXX-CSA-RSE-SHV-YAI-HYV-CSR-CYR
221,XXX-EYQ-CKI-DGK-NHV-NSS-RFR-YHQ-IGV-RYR-PGI
222,XXX-XXX-FSK-QHV-VSK-DSK-TYV-NCV-TNM
223,XXX-YYI-RQQ-VCQ-RQE-NCD-QDK-RRE-ING-HSN-FCL-YSL-SSN
224,YHN-VGE-TGE-SSG-SSA-SCI-KYK-EYK-EDK-XXX-RVQ-CDN-TGQ-SAA-VSE-XXX
225,XXX-NYA-YYI-YSI-QGM-TRQ-VNG-YCN-YHI-HSI-CSI-HSR-CSR
226,YYS-VHE-GGK-RLE-SCN-VSN-TQE-AHK-RLK-XXX
227,XXX-YSN-NCD-RQE-QGI-TSQ-TRK-YRV-VRR
228,XXX-YSN-XXX-XXX-NSV-RHQ-QGI-RTQ-THK-XXX
229,YSN-XXX-XXX-NSV-XXX-QGI-GTQ-TYK-YPV-VHR
230,CSN-XXX-XXX-XXX-QGI-XXX-THX-FSI-XXX
231,NSL-NHG-QGL-HYD-RGL-HYK-RGL-NMQ-QGT-RNM-YYV-XXX-XXX
232,LHR-RHV-QSW-KSF
233,GSR-SSR-YLI-CYI-CYI-CSS-CSR-FSI-CSK-RYI-RYV
234,CST-NLT-FSR-CSK-SSY-CSK-FSN-YSV-HTR-YAR-YSR-XXX
235,XXX-XXX-NLT-CSK-YSN-YYI-YAK-CSS-XXX-XXX-STN-XXX
236,SNR-WLL-FSR-DTR-CYL-HSR-CSN-HSS-CLR-LSR-XXX-CYQ-HNV-WCR-RFG-SSR
237,RST-XXX-YLR-SFR-DSN-XXX-SYG
238,XXX-XXX-XXX-XXX-XXX-HSR-SSR-DGR-SLR-XXX-CYI-SYV-HSR-SSR-SYL-DSR-YSR-HYI-CAK-CSK-XXX-XXX
239,XXX-CLT-WSI-FSR-CSR-XXX-SSR-CSY-SYI-CSR-CYI-RYK
240,SSR-CLI-YTI-XXX-CYI-SST-SSR-HSY-SHV-YNS-CSR-AIM-SNI-XXX-SSY-XXX-NSI-SII-LSR-SSY-SSY-XXX-XXX
241,YSR-CLI-YTI-SSR-CYR-SST-SSR-RSY-SNL-SQI-YNF-XXX-XXX-XXX-YSI-LCR-XXX-SRM
242,SSR-CLI-YTI-SCR-CYI-SST-SSR-HSY-SHL-SNS-CSR-SSY-AVM-XXX-XXX
243,XXX-SSY-SHK-SNI-NSI-PII-XXX-XXX-SSY-XXX
244,FSR-SLI-YTI-SSR-YSR-SST-LSY-SQV-SHV-YHI-SST-CSY-SHM-CNK-SNM-KSI-SII-YSI-XSG-FSY-PSC-CHR
245,XXX-CLI-YTI-SSA-WSI-SSR-YSR-SSR-LSY-CHR-SHI-SSR-SSY-SIM-SHI-SNI-SSX-SHK
246,CST-SNR-FLI-HSI-SCA-SSI-CSR-YSN-SST-SSY-SLT-NFI-XXX-CSY-SQI-SHM-CRM-CNR-CQV
247,FSR-FSR-YST-SSR-CSY-SYV-SSY-FDI-SSY-SVK-VQM-SSY-SSY-SIK-XXX
248,XXX-SSR-CII-YSI-SSE-WSI-CYR-XXX-XXX-RSY-SSY-SHM-FSY-SHM-XXX-SIV-YSI-LSR-SSC-SAR-SSY-SAY-SSY-SQM-SQV-XXX
249,CYR-XXX-NSI-SAY-SSY-LSY-CSI-YGV-SSN-NSK-FSR-YAR-XXX-LSY-SHT-YGI-NSK-NSI-SSN-CSR
250,XXX-XXX-FLI-RTV-FER-SSY-CHK-CDR-CQI-YSI-YSI-CSY-XXX-RSE
251,DYT-SSR-CLI-HSI-SCA-SSY-SHT-CSI
252,XXX-SRR-YRT-CSR-SSV-CTI-YSL-STI-CSR-SPI-SSI-YST-SSL-CSR-XXX-XXX-HSS
253,CSR-YSK-YSR-TGI-YSR-XXX-WSV-YTG-SSM-CSI-CSI-WSI-YTG-HSS
254,XXX-YSK-CSI-YSK-YSA-SGA-YSR-YTK-SGA-YSR-CSR-TGI-SYI-FGV-WSY
255,XXX-WLM-VSR-DSR-VSV-HSR-FSI-HSR-SVR-TSK-XXX-SYR-RYT-WFR-RFE-SSR
256,XXX-XXX-WLM-FSR-DSR-VSR-HSI-RLY-HSR-YVR-HSR-YVR-XXX-HNV-SSR
257,XXX-WLM-ISR-DSR-VSI-HSR-CSS-HSS-YVG-ISR-XXX-CYQ-HNV-WCR-RFG-SSR
258,SNR-WLM-XXX-DSR-XXX-HSR-CTS-HSR-YGR-XXX-XXX-HHQ-WCQ-XXX-SSR
259,XXX-XXX-WLM-FSR-DSR-ASR-HSR-CSS-HSR-YVR-ISR-XXX-CYQ-HNV-WCR-HFG-SSR-SSR
260,XXX-WLM-FSR-FSR-DSI-VSR-HSR-CSS-HSS-YVR-ISR-XXX-RYR-HNV-WCR-HFG-SSR-SSR
261,CSR-FSI-WSI-YTG-HSN-YTI-CSS-FSK-SSR-CSI-CSM-CSI-CSM-FSM-CSM-CSI-CSM-CSI-CSI-CLN
262,HSR-SSR-SSR-RLI-SSR-RLI-SNS-FYK-SNT-SSR-CSI-SRK-CST-YSI-YSR
263,HSR-RST-FSN-YAR-YPT-CYS-SSK-SSV-SYL-YHI-YHR-CSV-YSV
264,RSR-YSR-YPR-CSV-CSV-SST-FFV-CSI-AAV-RYI-YDI-SNR-FAT-CYI-YSG-LSR-VSK
265,KHA-RER-RHL
266,YDR-YNR-RNL-QSS-EST-THV-RTS-ESK-QHV-HSV
267,QHE-DAQ-SAQ-SLE-NGN-TGS-TGS-TGS-NGS-NGS-NAS
268,KHA-RER-RHL
269,RFR-SLI-XXX-YLI-SYT-CSR-CSA-YCR-WSR-FYL
270,HSR-XXX-YPR-XXX-CSR-CYT-FSR-YSA-SSV-WSL-FSE-FSR-CYI-RSL-FSE-RQL-SKM-FSI-SHL
271,QHT-QNT-HTS-STK-RNK-WSK-ATE-WAK-XXX-XXX
272,SNT-RHV-HHA-YTA-XXX-LHT-HIS-WLK-ATE-WYK-XXX
273,RTT-QNT-QNT-RDT-HHT-HNI-LHT-HTS-WIK-ATT-WDK-XXX-XXX-XXX
274,QTT-YAT-ATK-QTK-QTK-YIT-ATR-WVR-YTS-ATK-QSK-QSK-QTK-LHT-HTS-SSR-XXX
275,SGY-WYK-WSK-WPR-RHK-HLI-SIE-RYK-WIE-RHR-XXX-SRN
276,QTT-RHS-YTA-YTA-SIV-LIT-RVT-SLK-RTI-RAT-RNT-YAT-RVK-RQS-LDT
277,XXX-RHT-YST-YTT-HTS-SIK-RHM-WGK-TNE-WDK
278,XXX-QNT-FNT-WIT-SNR-XXX
279,XXX-XXX-YTT-WQI-XXX-FTK-WHT-YTE-WQI-HTS-STK-XXX-LTE-HHI-XXX-WDK
280,QTT-WHT-RYA-RNT-RIA-HVT-YST-WHT-YST-CIT-SHA-RIR-CTT-YMS-SNR-XXX
281,XXX-HSR-HTT-STK-RTT-YTT-YTT-RDT-YNT-QIT-CNT-XXX-RHT-HNT-HKT-LHA
282,KTT-WYI-XXX-YNT-WHT-QNT-XXX-XXX-HTS-XTK-XXX-XXX-XDK-XXX
283,XXX-RTT-RHT-RNT-RIT-YST-WHT-YTK-YSA-HPK-RIT-RNK-CIT-YTR-SNR
284,MCE-WTK-QNK-RTT-RTT-QNT-QHT-HHT-HTK-QKE-QNR-WTI-QKK-QNK-WVK
285,MHQ-WTR-QTT-RHT-RHT-QTT-RYK-WTK-ENA-RKA-QNK-XXX-PIK-XXX-XXX-XXX
286,MHQ-RTR-HTT-HHT-HAT-RYK-WTK-VHT-HKI-QNK-RNT-RNK-XXX-XXX
287,MHQ-WTR-QTT-RHT-QTT-RYK-WTK-ENT-RQA-QIT-RNK-QTK-XXX
288,XXX-XXX-WTK-XXX-XXX-XXX-XXX-QTT-XXX-XXX-QIK-XXX-XXX-XXX
289,MQQ-KNN-QTR-RNK-QNN-LHT-VTK-RHN-KTY-IIK-YNN-LHT-QTK-QNK-XXX-XXX-XXX
290,MHQ-WTR-XXX-QHK-QYK-WHR-VTR-XXX-RYT-CYA-RYT-RYT-WRT-VTK-VTK-QYT-KNN-QTR-WNK-QTI-QYT-XXX-QHA-WCA-RTT-XXX-XXX-XXX-XXX-XXX-QTK-QIK
291,MHQ-WTR-XXX-QYR-XXX-ITK-XXX-ITK-EHT-VIK-RTK-QTI-RTI-RHT-VTK-RII-RHG-ITK-RNT-HNK-RHR-XXX-XSK-XXX-KSK-XXX-QTT-QNK-XXX-XXX-QIK-XXX-IHK
292,MQQ-XXX-HTN-RTT-ITK-RTS-WTK-QRR-XXX-YTR-RHS-QNS-LRQ-RRQ-HNS-RRQ-RRQ
293,MHQ-CIE-RHT-RHT-QTA-RYN-HTT-XTK-XXX-XXX-XXX
294,MHQ-WTT-RHT-RHT-RHT-QTT-RYK-WAK-ENT-RQA-RTK-QTK-XXX-XXX-XXX
295,XXX-MHQ-XXX-XXX-XXX-QNE-WTK-QNT-RNK-WKE-WTK-QNT-RNK-WKE-HIK-QNT-QNT-QTK-WTK-LTT-RNE-YHT-QNT-XXX-XXX-XXX-XXX
296,KIK-QIK-KTT-KTT-KIK-WTY-MIK-WNE-MIK-WNE-TIK-WTY-QIK-KTT-KTT-KIK-WNE-TVK-WTY-RIK-KTT-KIK-WTY-MIK-WVK-STY-XXX-WNE-WSE-WRE-WNE-TIK-WTY-MIK-WTY-TIK-WVK-WTY-WNE-MIK-XXX-XXX-XXX-WHT-RIR
297,MQR-QAR-RHQ-RHQ-XXX-QAR-RHQ-RHK-RYR-QHQ-RHQ-RYV-CIK-XXX-XXX-XXX
298,XXX-KIK-RIK-STT-SKE-WSE-RIK-KTT-SKE-WSE-WSK-TIK-WIE-RSR-STY-XXX-XXX-CHT-XXX-XXX-RIK-XXX
299,MCR-XXX-XXX-QND-GNA-HAK-XXX-WKV-QTK-STK-QHR-HDR-QTN-WKV-HAK-NIK-QHR-HAR-HAR-WKV-HAK-SAK-WKV-HAK-QSK-WKV-HAK-DTK-QHR-NTK-NAK-WKE-HAK-NTK-QIK-QHR-QYR-XXX-XXX-XXX-XXX-XXX
300,MHQ-ENT-RHT-QNT-QTA-QTT-RHT-QTT-RHT-LQT-QTK-QHT-NIR
301,MHQ-RTT-QNR-HNE-QIK-XXX-QKK-DTR-XXX-XXX-XXX-XXX-DTK-ETA-HHT-XXX-XXX
302,MHQ-ENT-RHT-QNT-QTA-QTT-QHT-QTT-RHT-LQT-QTK-XXX-NIR
303,MHQ-ENT-RHT-QNT-XXX-XXX-XXX-QTT-RHT-LHT-LHT-QTK-QHT-NIR
304,MHQ-XXX-NTK-QHR-HAK-QTK-XXX-WKV-RAK-NAK-WKV-HAK-NTK-QHR-HAK-QTK-WHR-HAK-QTK-WKV-HAK-NTK-WKL-HAK-XXX-QHR-NTK-NAK-XXX-XXX-NTK-NTK-QHK-XXX-QHQ-HAK-XXX-XXX-XXX-XXX-QNE-WNE-XXX
305,MHK-VKN-VSN-MSN-VSN-QHT-QHT-VHT-QAT-QTK-QTK-KIR
306,KIK-RSE-KTA-RNE-NTK-WSE-WTK-TSK-WST-WNE-KNK-WRE-WVK-QHT-XXX-CIK-XXX-RIR-XXX
307,IHQ-XXX-WHT-QNT-QNE-WTK-RTR-XXX-RHT-QTT-RTT-RHR-QYT-QNK-QHT-XXX
308,VHQ-XXX-KHT-XXX-QTR-QNK-VTQ-VTQ-THT-QQT-RNE-LHT-QTR-QNQ-WTK-QNT-XXX-XXX
309,WTN-XXX-WTR-HTK-RTK-NTN-RTK-RNI-WSK-WTR-QTK-XXX-QTT-HST-WTR-HAK-NTN-RTK-RNI-WSK-WTR-RTK-HAK-QNT-XXX-QHT-QTT-KTE-QTR-RKT-STG-QTR-EAK-QIN-XXX-WAR-KIR-XXX
310,XXX-XXX-XXX-WNK-XXX-WTK-RNA-XXX-RTI-XXX-QIN-RNK-WNK-QIN-SST-XXX
311,MHQ-XXX-WNG-SNL-QHT-XXX-WHV-XXX-XXX-XXX-XXX-XXX-XXX
312,XXX-XXX-QHT-QNT-QTT-RKE-RNE-HAT-RKE-QKE-HST-RKE-QNK-XXX
313,GIK-XXX-XXX-XXX-XXX-QHR-QHT-KHR-QNE-QNT-QIT-RKE-HHT-QHR-QNG-XXX-XXX-XXX
314,XXX-XXX-XXX-QTK-XXX-QTR-XXX-QYT-XXX-XXX-QTT-XXX-QIN-XXX-XXX-NSK-XXX
315,WTN-XXX-QTI-QAI-WTR-QHT-WTK-RNK-WNE-RAT-QTA-LTK-QNT-RNT-WTK-XXX-CTE-XXX-XXX
316,XXX-XXX-RNT-WTE-WTR-QTT-QTT-RNT-WTK-WTR-QTT-WTK-QIN-RTK-WTK-XXX-XXX
317,FIL-QNI-KER-QES-QFG-EFN-TQV-THV-QSY-SLL-QNT
318,TEV-SDV-TEA-TTS-SAL
319,SVD-SEA-QMT-NYQ-NDS-TGN-HSS-SND
320,XXX-HSR-HSN-RHE-HSH-CHP-SFQ-QSM-HSQ-CNV-KNA
321,DLE-HRE-HSV-KHQ-RHR-STQ-XXX-QGE-CTR-QGA-QSL-VIQ-XXX
322,KIR-HSR-HSN-RLQ-HSH-CHQ-SFQ-XXX-HSQ-CNV-KNA
323,KIR-HSR-HSN-RHE-HSH-CHR-SFQ-QSM-HSQ-CNV-KNA
324,KAR-YDR-RHE-HSQ-YSQ-HTQ-LSQ-HTR-DSQ-HVR-YSR-QNR-DAQ-HSH
325,XXX-NQI-XXX-GQV-VKR-TYQ-TPK-VQR-LFA-RYQ-TYQ-SQV-VHQ-RYQ-SYQ-VQG-LFE-YAV
326,DHE-XXX-YDQ-QSK-RNQ-QNH-CSK-HSQ-RDK-QSS-QSN-QNQ-QTR
327,LQT-DAK-SSA
328,LMR-DDR-QSA-RTQ
329,RHQ-RHQ-REL-QQL-RQV-QQV-HER-QQR-RYQ-RQH-RQE-LQE-XXX
330,HNE-QYK-QNT-QNR-GNE-QYK-QSV-QSV-QTL-QHR
331,RTQ-QHR-VEQ-VQR-QHR-CDV-IQV-LQR-SQS-LQQ-LQQ-LFQ-QHQ
332,VQF-QHR-CDV-VQL-XXX-CGV-VQL-RHL-RQS-LQQ-LKL-LSQ-QHH
333,HRH-CDR-SNR-SNQ-QQK-SDR-QQS
334,LNE-RSL-QNS-GYE-QYK-QNI-QSR-GNE-QYK-RSV-QSV-QTL-QHR
335,VQR-FQE-IQE-VER-NSR-VER-LAQ-HAE-HSK
336,XXX-RYE-QAL-QTR-KYD-QTV-QTL-QIV-RNR-CNV
337,YFH-XXX-YEL-QQQ-RQE-HHI-YSH-DQL-QHR-LHQ-YSH-XXX
338,RVL-RYD-LAD-LHR-QTL-QNV-QTL-QTA-MYD-QNL-QTV-RYH-QNV-YNV
339,HYK-XXX-XXX-STQ-VTR-SAR-FAR-FGG-ATQ-SAQ-FTR-SAQ-FGG-SAQ-VTQ-LRQ-SGQ-QYQ-FGQ-XXX-STQ-STQ-LAQ-STE-FAQ-RKQ-RGK-QHL-CER-CQQ-YGR-QQR
340,LSG-FQV-CDR-QHK-RHQ-RNQ-WHR-WYQ-HER-RER-WQR-WQR
341,FVR-SNY-SNH-FGR-FAR-SNQ-SAR-FAR-SDQ-SKQ-SDQ-SKQ-SAR-SSQ-REQ
342,QQQ-XXX-CYQ-YND-KQL-QRQ-STN-QEQ-KNR-SDR
343,HDR-RNT-QNR-QNE-QNE-RSL-QVI-QSV-RNT-QNR-QNE-QNE-RSL-QLI-QSI
344,YCQ-SDK-SQQ-SQL-XXX-YQL-CQL-SHR-RER-CER-REH-GEX-RHQ
345,TQV-VXQ-LGA-XXX
346,RHQ-RQL-QQL-RQR-QQL-QQL-CQQ-RLQ-RQQ-HQQ-RLR-REQ-RQQ-QHQ-RLQ-RQQ-HQL-QHR-RQQ
347,QEI-QSR-YDI-QTM-QHA-SQV-XXX-YEI-QAV-QHA-SQV-NNT-QDT-QHI-QIV-RNT-SQV-GNK-QET-KQV-DNK-QVV
348,QET-QSR-YDI-QTI-QQA-SQV-XXX-YEI-QAV-RHT-SQV-NNT-QDT-QNI-QIV-RNT-SQV-GNK-QET-KQV-NNK-QVV
349,QQQ-CHR-CYQ-YND-KQQ-QKQ-SAN-QQQ-QQQ-KNR-SDR
350,WNT-WNT-LNT-QHR-QHR-WNT-LNK-RTT-DTS-QNR-ATK-RHR-RNR-XXX
351,XXX-HFE-QHQ-RFE-QHQ-RAL-YHQ-TQR-DVH-CYQ-QSL-CAR
352,QDR-HKK-KNR-QND-QSA-RSL-QMI-QAV-HNT-QNR-QNA-QNT-QSL-QLL-QSV-QSI-QSL-QHR
353,QSL-QNQ-QHQ-QYQ-NSQ-LYV-QHQ-QYQ-NSQ-YSQ-QHH
354,YER-HTK-QHE-EYV-QCK-QNR
355,YCQ-RDQ-RQE-YQL-LQY-LHY-CQE-RQY-SNQ-CQE-RYQ-RQY-YQE-RHE-REL-CQQ
356,NQL-HQL-LQR-SEQ-LYE-VQR-LYE-VQR-YDV-LVE-VQL-FYE-RNE-RQE-RDI-LHE-QHQ
357,VQF-QHR-CDV-VQL-XXX-CGL-VQL-RHL-RES-LQQ-LQQ-LSQ-QHY
358,KHQ-CTQ-RHR-NTQ-NTQ-QHQ-CDR-NAQ-XXX-HHR-CDR-NTQ-WNK-CTQ-QHQ-XXX-CXK-XXX
359,HEV-YNQ-TQV-VRR-LGV-QHG-XXX-VRR-LSI-QHH-CYI-YKI-VQQ-FVA-HSY-HHI-CYR-SEI-LIV
360,SQL-SQL-SQV-YHQ-QHI-RNE-RQV-TYL-LNR-TKQ-LYQ-LNR-TNQ-LYQ-FNL-RHA-MYQ-RNQ-YAA
361,RDV-RNQ-ERK-QNQ-XXX-SQI-VRQ-LSV-XXX
362,QYQ-RDV-LHE-RDV-LQE-VHQ-HYQ-FER-LER-CQL-SHQ-LER-HQS-RNQ-FEQ-RHQ-RHQ-CRL-RHQ-LER-VER-RQL
363,CNQ-LQR-LQR-RNQ-RNQ-YQE-LKR-LQR-RNQ-RNQ-YQQ-LQR-RNQ-LQQ-RNQ-LHR-LQH-RNQ-RNQ-YQE-LQQ-XXX-XXX-HQE-YQG-SNV-XXX-XXX-CSQ-LVA-VLQ-XXX-XXX
364,RNQ-LQR-LLR-RNQ-RHQ-YQE-LKR-LQR-RNQ-RHQ-YQE-RSQ-LQQ-RNQ-LHR-LQR-LQR-XXX-CNQ-XXX-XXX-FVA-CNQ-VKQ
365,SEM-SQE-SLN-LDE-SQQ-SSQ-TLA-XXX-KQR-KHN-SNR-QTQ-RRM-LLV-XXX-SRA-TSV-QHD-IRE-SNK
366,TES-SEA-SLA-TEE-SAQ-SRA-KSQ-TTA-XXX-SRR-KHN-SNR-QNQ-AGL
367,YKT-YKA-HKA-YKA-FKA-QLL
368,DFR-SAT-QSR-QGQ
369,HKQ-SQV-WSK-RHQ-WSK-RQQ-WQR-CSQ-RHQ-WSK-SQR-CSQ-RHQ-WSK-SQV-XXX
370,XXX-VHR-FQQ-RHE-LHL-HSQ-RLE-KSK-RQQ-LYQ-RDT-LQY-SGQ-RRQ-HQQ
371,XXX-RSA-QYV-WRA-YHI-VHA-RND-RDI-QNA-RDV-QSV-VQA-RNA-QYA-WYA-WSI
372,DVL-YAI-QHT-SAV-HQE-VRR-QAS-CDK-WCN-TRS-RDF-WCK-QQS-SNM-WCK-XXX-XXX
373,YAV-QHT-RAV-HQE-FRS-QAR-GDK-WCN-TQS-TNL-RSN-XXX
374,YAI-CIV-HQK-LSR-XXX-WYI-SGL-RSN
375,YAI-QRT-CAV-HQK-LSR-WYV-SGF-HSN-XXX
376,YAI-QHT-CAV-HQK-LSR-RYI-TGL-QSN-XXX
377,XXX-XXX-QQT-RGV-HQE-SNR-QAS-CDK-WCR-XXX-SNL-WGR-EKF-WTT-XXX
378,YAI-QHT-RAV-HQE-GRR-QAS-CDT-WCK-TQS-RDF-RCK-QHS-SNM-WCK-QQS-WTT-RNM-QSL-XXX
379,YAI-QHI-RGV-HQE-SNR-LAS-YDK-WGR-TQS-RDF-WCN-QQT-QQS-SNM-RSN-EQS-WTT
380,XXX-YAI-QHT-RTV-HHE-RAN-CNI-QQA-YSA-MHV-QYI-QRI-RDI-QHT-RHA-WNM-QSL-RQY-WNS
381,XXX-XXX-QHT-RAV-QHD-RHS-CNI-RSA-LNA-RHV-QYI-QRI-RDI-QNA-RHA-WNM-QSL-RQS-WNV
382,YRL-XXX-SGI-QNC-WNV-QHI-HPC-RDI-QNV-QKT-YNL-WNA-QDV-QGS-YQY-RNH-LNV-QRA-HRY
383,XXX-KNA-RHA-QHA-QHD-WHA-WYV-QHA-XXX
384,XXX-QNT-QHA-RDI-QHA-CNT-LNS-SSS-QYA-WNN-QNA-QHA-QNV-WGA-QHT-QHY
385,XXX-XXX-XXX-HVV-RYA-RYG-RHG-WNI-KTA-QYS-QYG-QRA-ERA-GSA-QNA-WGI
386,DDV-XXX-RSN-FLI-QNV-SVV-QHI-YVT-YYL-RDV-RYA
387,YVI-RNV-YVV-AAK-CHS-HYA-YGM-XXX-RDS-YDI-YGI-CSK-YNT-YGS-QHG-RCV-YGN
388,DDV-XXX-CFN-FLI-XXX-SVV-QHI-YVT-YYL-RDV-RYA
389,WHA-RHS-QVV-QKA-QKA-QKA-WQA-RHM-QVV-QCQ-LRV-NKR
390,VKR-SNV-QKR-NNV-QKR-LTK
391,SSK-DSR-TGS
392,YFR-YHK-XXX-KGK
393,GRQ-RHR-LHQ-HLE-XXX-RHE-RHR-DRQ-CTC-CYQ-QRH-HHK-QYQ-QCK-LER-QCI-QNQ-LHQ-CSR
394,YDL-XXX-QSX-XXX-QHR-HSQ-HSE-HSQ-QHR-HSQ-QSH-QHQ-XXX-HSQ-QHQ-QHQ-WHE-XXX
395,XXX-XXX-QET-QSR-QTI-QTL-QHV-SQI-QHI-QIM-SQE-GNK-QET-KQV-NNK
396,TGY-XXX-VHV-KLI-XXX-WNL-XXX-XXX-WDN-SNI-XXX-SYT-XXX-VCV-TTG
397,XXX-RQE-RQV-RRR-QYA-FDR-SKQ-HVK
398,KQE-KRE-KRE-REE-RLV-QNI-QCA-QGR-TMV-YCK
399,XXX-WCL-DCK-DKF-NQI-LNL-QER-VFT-ISL-QHI-RYI-RST-VSX-QHI-RSL
400,KRY-RGE-WQA-KRN-KRE-WQA-QNV-QNI-QCS-HGN-DCR-HCY
401,KWD-RME-KRI-QNV-QCA-QGK-TKV-YCK
402,KQD-RRD-KQI-KRY-TST-ERA-LST-MCV-LPR-MDV-VRV-ARG-EHV-GMA-MTI-KCQ-RDT-TGV-HIK
403,XXX-MYA-VNV-MYV-VNV-VTI-TTI-QCQ-HGT-TVV-HNK
404,KQD-RRE-MRE-GNV-GMI-TYI-MRE-RNV-VMI-LRV-VGL-FNV-MYV-KEL-MRV-SNV
405,XXX-XXX-QDN-KHV-QST-RSA-QQR-QRG-QHV-WLV-YYV-YCR-DNI-YCR-QSK-HSY-STR-YGR-VIN-ENY-RCK-SGK-XXX
406,ASN-RLV-KYR-KHV-QHL-RNV-HNC-KSV-KSV-KHV-IRA-QRV-DAR-QRV-QHG-QTR-QHL-RNA-HHS-RSK-CGK-XXX-QKT
407,VSN-RLI-QDN-QNI-QCT-QNN-QNT-RST-QQR-QHG-QLR-ECR-YNI-NCR-DNN-YCR-QSK-HGY-SNR-HTR-VIN-EKY-RCK-SGK-YLW-XXX
408,XXX-XXX-RYR-RYR-SYQ-GST-HSV-QHR-QHN-HWQ-EQR
409,XXX-RHE-YNR-NYR-XXX-RLR-QHQ-QNR-EGA-HSN-RHR-RYQ-VST
410,XXX-RHE-RNR-EGT-HSN-LYR-KGA-RYN-QHR-XXX-XXX
411,XXX-NNQ-RLR-QHN-RHR-GGA-RHR-HCN-DGA-HSN-RNN-HHR-HYK-RNN-XXX
412,CKI-SNQ-SKQ-QHR-RYE-VST-RFS-QDR-EDA-YSS-RNC-QYR-GGA-QSN-HDQ
413,XXX-SNQ-XXX-XXX-VSA-HST-RFR-GRR-TDA-HSY-QNR-QHQ-RHR-RHR-RHR-RRQ-KIQ-XGA-XXX
414,KYQ-XXX-XXX-CNQ-XXX-XXX-NYX-QHE-HHE-QYX-XXX-XXX-QHR-XXX-XXX-GSA-NSI-QHK-XXX-XXX
415,XXX-XXX-YSC-YSC-YSC-QTI-QHR-HSR-QNR-HSC-VHR-CYN-HRR-XXX-NTN-HYV-QSK-XXX-PLE
416,XXX-HYC-YSC-QAI-QHR-CYN-HSR-QTR-CQR-RSC-HSY-RVV-QHR-QAS-WQR-YSW-CYK-NSC-QTC-HSY-RYR-EHR-RHR-DTH-XXX-HYV-SHG-PLE
417,XXX-XXX-HAV-QNR-RHR-RHQ-QSM-HNC-RNR-CHQ-GTH-NAK-XXX-XXX
418,HCR-QYW-QSC-XQT-XXX-HCQ-XXX-RHC-XXX-NTN-XXX-XXX-SHR
419,XXX-KNS-NHQ-QHQ-QHQ-RYQ-HHQ-HSN-HSN-RYQ-QHQ-QYY-LSH-MSN-DYR-XXX
420,YHR-QYW-HSR-QSG-CQT-HCR-RYQ-QHC-QSG-RSI-QNQ-HSY-HSC-GSH-HXV-QSK
421,XXX-HYC-QSC-XXX-XXX-RTT-WQR-HSC-XXX-QDI-RST-CYK-HYC-RSC-HSY-RLR-QHR-KTH-NTN-DHG-XXX-XXX-PLE
422,XXX-HYC-QSC-QAI-QNR-RTS-WQR-HSC-WHR-QDI-XXX-CYK-LYS-QYC-HSH-RYR-QQL-RHR-SHQ-KTH-XXX-HYV-QSK-XXX-PLE
423,XXX-XXX-HSL-XXX-CYK-RTR-RHR-YYK-QTR-CHR-SCE-TNC-RHR-RHQ-QSI-QSY-QHQ-QNY-QNY-HTS-QTR-XXX-QHS-SHH-GPH-XXX-YYI-QSK-SHR-XXX
424,XXX-QYC-HSI-RHR-YYK-RTR-RHR-RNR-RHQ-QSI-QSY-XXX-XXX-XXX-XXX-XXX-NHP-GPH-NTH-HCF-XXX-SHR-XXX
425,CHM-LLE-VSH-XXX-HYV-XXX-CHG-XXX-XXX-XXX-XXX-XXX
426,CHI-HHK-QTC-QHY-RVI-QTG-RHR-SRE-TYC-RHR-SHR-XXX
427,XXX-QYH-KYR-DAV-QNR-RYR-HHQ-EAV-QNR-RHR-RHQ-QSM-HSY-TQC-IHI-RYQ-CHQ-ATH-NTN-HYV-XXX
428,YLR-QYY-QSC-ESC-RAI-QSC-RHR-SYE-RSY-RNR-RHR-SCN-QIQ-QSK-GTH-NTN-RXV-XXX-SHR-XXX
429,XXX-QYY-YSI-QYS-RHR-RHQ-QSM-HNC-XNH-FRI-CHQ-GTH-XXX-QSK-XXX-XXX
430,QNS-VNI-HYT-GNT-QHS-VSI-YYR-MNT-QQN-VST-QHS-QQR-DSF-HYT-MNT-QHN-VST-QHN-VST-QNS
431,QNR-RCL-RCL-VTN-QST-QSR-YHS-VNT-VST-VNR-VNR
432,XXX-TNT-RQQ-QHR-ASI-QHN-VSI-RHR-ANT-QHN-VST-QHR-HYR-XXX-QHR-QKR-VST-QHR-QKR-XXX-XXX-XXX-XXX
433,QRS-VNI-QNG-AKT-QHS-VST-HYK-MNK-QHN-VST-QHS-QQR-VSI-HYI-VNT-QHN-VTT-QNK-XXX
434,QNT-RNS-QNT-QNS-RHR-QNS-YHR-QYN-KNT-QNS-RHR-QYN-VNK-XXX-XXX-GSN-XXX-XXX-XXX-XXX-QRN-NKT-XXX-QQG
435,KNN-QNR-QNS-QHG-ESQ-QHR-QSE-KHG-ENQ-QNR
436,XXX-QYC-QTC-RAI-QYY-FNR-RSR-QSY-FNR-QSY-FNR-RSR-GAY-NTN-HYV-FNR-RYC-RAI-QSC-RSK-RHQ-HAI-HAI-RNR-QHC-HVI-RKR-GTH-XXX-HYV-XXX-LPE
437,XXX-RYR-QSY-HAR-QYC-FNS-HTC-FSR-QSC-XXX-HSY-FNR-HSC-YNR-QCR-RAY-NTN-HYV-FNS-QAI-RKC-QHR-HVI-HVI-XXX-XXX-XXX-HYV-XXX-XXX
438,XXX-SYR-QYC-FKI-QYC-RHC-HSY-XXX-FNI-RSY-XXX-QTC-HSY-FNR-XXX-QYR-QYC-LYH-NTN-XXX-XXX-XXX-YTN-SHR-XXX
439,XXX-QNC-QSC-FIR-QIR-HSC-HSC-FNI-RSC-FNR-RYC-WSC-QTR-XXX-RSC-VNG-RYC-QSC-QNC-QHG-XXX-XXX-XXX-QSK-XXX-XXX
440,XXX-RNC-QSC-FNR-QSC-RSC-QTC-KNR-RAI-RAI-RHC-RHH-QHR-QNR-XXX-XXX-XXX-NTN-XXX-SHR-XXX
441,RQQ-WQQ-WSI-REQ-RKQ-CSQ-RYQ-WSK-CHQ-YSK-HQQ-HHE
442,WRH-GAY-RLI-WHY-NSR-QNQ-HNL-TGR-QSA-GGY-RLI-WHY-NCR-QNQ-HNL-MYR
443,FYR-RHR-EQR-RSR-LYQ-RHQ-RDR-RSR
444,YDR-HNN-XXX-SSR-HEA-ALR-XXX-AAE-SDR-HYR-TNR
445,YDR-RHR-EEH-ETR
446,QHQ-HSR-KHQ-RSR-DYK-ASR-RTR-EHK-YSR-DHS-FNW-HGT-GDL-ELR-RYQ-QSE-YNE-YSR-DYK-NGK
447,LEF-GSA-APR-RDD-QVG-NNK
448,SRS-RHR-DEQ
449,YYR-RHR-DEQ-ETK
450,HKR-QHQ-WNQ-QSK-QSR-HGA-QAR
451,KHR-RHR-WHR-RHR
452,YQI-QDV-HTG-HNV-QTR
453,YKV-QGF-QYC-YNE-RTR
454,CKI-QSF-QYC-YSE-RLR
455,CKI-QDV-RSC-YNE-RTY
456,HQL-RTQ-QHX-QHQ-RAD-QQR-HSE-RQL-AST-AST-TTQ-XXX
457,YRQ-SNQ-RQE-RHV-HQQ-QTR-VQQ-RHV-HQH-XXX
458,QSL-QNQ-QHQ-QHQ-NFQ-HYV-QHQ-QYQ-NSQ-QGQ-YSL-QHH
459,RSL-QSL-QTL-XXX-QSL-XXX-RPL-RTL-RSQ-GNI-RFE-HSR-QHQ-QSL-SDR-RSR
460,HSV-QHQ-QHQ-QHQ-DSR-YSR-VGL-SSV-HSQ-QHS-IQT-QHQ-QNQ-DSQ-RSC
461,QSV-DSR-QSR-DGQ-YSV-HSQ-QHS-IQT-QHQ-QHQ-DSQ-TSC-HSV-QHQ
462,KTL-QHQ-QHQ-QHQ-DSH-QSR-DGQ-HSV-HSL-QHH-QHQ-QHQ-DYQ-QSC-HSL-QHL-QHH
463,RSK-ESI-QNV-KSQ-QHV-QHE-KSL-QYQ-KSQ-GSV-QYE-KSV-RNR
464,YAL-QHL-QYS-RHQ-NSE-FAR-QHQ-QSE-QHQ-NHQ-HSE-QSL-NYQ-FAR
465,TAR-LHR-QHQ-RYQ-RYQ-XXX
466,VEE-KAE-HAE-HSE-XXX-HDE-DDD-HFE-HAE-NED-HVK-SAE-DSR
467,SRS-EKK-QNQ-WSN-QTQ-YDK-QND-QNQ-QNS-RNL-DYR
468,KLG-KHQ-RYQ-HNL-HGR-HYW-EAH-HYR-HTL-NDR-RGR-WNR-RSQ
469,KLR-KYQ-RHQ-HTL-DGR-HYW-EAH-HYR-HTL-NDR-RGR-WNR-RSQ-XXX
470,KHQ-RHR-RHR-YNL-EAQ-CHQ-HTL-IDR-RGR-RNR-RPR-XXX
471,KLQ-KHQ-RHR-HTL-DGR-RYW-EDQ-RHQ-HTL-DDR-RHR-RNR-RSH-XXX
472,DHE-FNQ-EAN-HHM-RTQ-RHQ-RTQ-QHE-HSK-CTQ-RTQ-HNV-HSL-SHQ-RGL-RHR
473,DRE-HKD-ETR-CHR-WTT-CNR-ETR-LVQ-THC-YTR
474,CSE-YNK-YRR-YTR-DTK-YTR-YSK-YRR-YNK-HIE-RHH-XNK
475,DHE-HTE-YDK-LNQ-RHQ-THG-YAR-DTI-YTR-DTI-YTR-DTS-CTT-HNR-QHR-DTS-YSK-QHQ
476,DHE-XXX-THG-YKR-DTR-HTM-LNQ-RHQ-THG-RHQ-XXX-DKI-YTR-DKI-XXX-TSI-XXX
477,DHE-FNQ-RSQ-RIQ-HNV-HTQ-HRK-QDA-HVQ-QSR
478,QLQ-DNI-RHE-HTQ-FSK-HNK-QSQ-ETR-QTQ-ESK-HSK-QNQ
479,QLQ-HNI-RDQ-HTQ-FSK-HSN-QSQ-ESK-HSK-XXX
480,XXX-XXX-HTG-SSE-HTG-HDR-YSD-HRE-RDR-STK-LKQ-HRE-HSQ-YKE-KSR
481,RYR-QTR-RYQ-HTR-NHQ-CEQ-RYQ-RHQ-XXX
482,QHD-QTK-QNE-STR-QSV-LGQ-QTK-FKR-QTE-QSQ-QGL
483,GSQ-QHD-QSD-QTK-QIQ-QTK-QIQ-QGQ-QSH-XXX
484,QGR-RHQ-QVQ-HNR-HNR-CYH-QVQ-QGR-CDR-RHR-QAQ-RHQ-QGR
485,DHE-RTQ-RTQ-RNQ-HNV-HTQ-HTK-RDA-RHR-LHR
486,XXX-RNQ-YSI-QSS-QNQ-QSY-RSH-QSS-HNN-CNK-QSQ-CVQ
487,YHA-QDV-HNS-QTR
488,CTQ-KHL-XXX-YNE-QSR-QNR-CEQ-QNR-RIQ-RDQ-QGQ-QSQ-QSQ-HDQ-RNR
489,KSD-QSQ-NNK-QAQ-YSK-QSE-QAQ-YSK-QGK-HSK
490,XXX-RTR-QDK-QGE-SNR-RTL-QHV-CKQ-QNR-RTL-WNR
491,YHE-HSD-HSH-HNQ-SHE-YHE-QSQ-QSR-QNK-XXX
492,XXX-XXX-ESN-YSK-ESK-RSQ-LNH-RSI-ESK-HSR
493,DHD-XXX-XXX-SHV-HHA-HTV-ESK-QSH
494,DHD-KSN-QSQ-LYR-SNS-RSY-SHI-EHS-HNL-KHV-HHA-HAV-AYS-GSN-KSY
495,DHD-XXX-RSN-RSQ-QSS-QNQ-QCN-QNH-YHE-RHV-NSI-SAV-ESK-RTH-XXX
496,DHD-KSN-KSN-KSN-KSN-KSN-KSN-QSQ-SHS-HSH-QNL-SHN-HTL-SHS-HSH-EHN-HNL-KHV-NQA-HTV-ESK-ESK-KHV-KHA-HAV-ESK-XXX
497,DHD-XXX-RSN-RSQ-QSS-XXX-QCN-QNQ-YHE-RHV-NCI-SAV-ESK-RTH-XXX
498,DHD-KSN-HSQ-HSQ-QTK-QNQ-QTE-RHN-RNQ-GHE-DGV-QSR-QSR-XXX-RAK-ESE-RSR
499,QHE-TSD-QST-RDI-HST-HST-QHK-YRQ-RDV-CYS-HTQ-QSR-NSK-QNN-FNK
500,XXX-XXX-NAK-WHV-WHG-WHA-DAK-WHA-EAK-QHR-QHA-CHA-ESV-KSI-GAQ
501,WHE-HVE-WHD
502,HAE-NAK-QPQ-FSQ-QHQ-HSK-QPQ-QLE-HSQ-QHQ-HSK-QPQ-QLE-HSQ-QHQ-HSK
503,XXX-KNV-XXX-DNV-DXK-DCK-XXX-WHE-FAE
504,RSL-KNV-DAQ-RSL-DHV-DYQ-RHV-EYR-NGR-DCK-QHV-KSR
505,NYV-QSQ-DAQ-QHR-QHG
506,XXX-QDI-QKT-WNV-QET-QDV-QKT-WNI-QQA-RQR-RYM-GNS-QQV-QPM-DTK-XXX-XXX
507,HHV-QSQ-HHV-QSR-RCL-HSQ-QHR-XXX
508,XXX-NSK-ESK-EHQ-PSE-HSK-QYQ-XXX-QSL-XXX-XXX-QFQ
509,SAA-RHQ-RHQ-RHQ-QHQ-DAR-QSE-RAV
510,QYQ-WNQ-AQH-RTQ-WNE-QNE-RGQ-EQQ-MYE-QNS-GGH-GEQ-RES-HNE
511,RSQ-RGR-LHE-QNR-GGQ-GEQ-RSR-QNE
512,KAD-YKK-RAL-VTR-YSL-TGQ-TYR-HTQ
513,LNQ-KTN-HKK-HTH-NHR-QNR-RAQ-NNQ-QHR-NTQ-RSQ-HTE-QIK-RSC-SHR-ETR-HNQ
514,KDK-QHQ-HSR-HNQ-RHQ-QSL-RNQ-KVS-EAH
515,KDK-QHQ-HSR-HNQ-RHQ-QSK-HNQ-KVS-EAH
516,WVI-WQI-WQI
517,SNK-LYK-QSV-HLR
518,QNR-RHR-RRE-QNQ-RVE-RVQ-QNQ-QTQ-QKR-QRE-QNQ-QTQ-QKQ
519,KHA-RER-RHK
520,YHR-QNR-SNR-YHR-HNR-NNR-QNR-HNR
521,SGY-SGY-SGY
522,SFQ-FNV-QKR-NNV-QKR-VTK
523,RER-RHT-RER
524,FER-HSK-QSL-HSK-QSV-QSQ-HSK-XXX
525,DSR-HSR-DSV-DSR-QIR-GSR-DSQ-QRR-XXX
526,YAL-QHL-HAR-QYQ-QFQ-DGQ-YAQ-DAR-QSK-QSQ
527,DSX-XXX-TGQ-LQS-XXX-XXX
528,DAS-SSS-LLR-QLD-QVS-XXX-NQE-TAT
529,SSS-LLR-QLD-QVS-XXX-NQE-TAT
530,HYH-LQX-SNV-QSW
531,RHQ-XXX-XXX-XXX-KKE-SGQ-WNI-QKE-QGL-XXX-WNI-XXX-XXX-XXX-KDV-XXX-YSK-XXX-HKE-WSK-XXX-XXX
532,DDV-XXX-CSN-FLI-QNI-XXX-QHI-YVT-YYF-XXX-XXX
533,RSE-YQR-YHE-XXX-KSR-HHE-XXX
534,KHA-RER-RHK
535,KHA-RER-RHK
536,KHA-RER-RHK
537,XXX-SGR-FLM-YNK-XXX-AFK-XXX-XXX-XXX-XXX
538,SAK-RLG-DNA-XXX
539,GVV-QNR-RAG-QSE-DMI-DES
540,ELL-QAS-DGH-SGL-NLQ-KHE-XXX-EAR-LAE-DAK-TAA-NLK-HVR-DYK-WYV-RQS-REK-STF-XXX-AAL-QCQ-RRA-TKL-LDR-SAQ-SSG-SAE-EGK-HVH-NKW-WQY-RAV-TLT-WGH-QQK
541,TNR-SAM-RLG-DNA-XXX
542,DTR-QNR-SIR-ESR-DTK-QDK-DTI-RLV-QNR-DTV-RLV-HNR
543,LMR-DDR-QSS-TDL
544,KNS-LSR-RTI-QNI-QAR-DNS-QTN-QTS-LHR-QNR-QNA-HGR-NAT-QHL-XXX
545,CNS-RYK-SAR-SGR
546,YSK-NNS-RDR-SAL-QMY-SYH-QSQ-QAR-XXX
547,XXX-DAL-LNR-SYV-DSK-NYV-NHT-VSR-QTY-QTK-QTL-DSK-LNI-LNR-LTF-WNK-WNT-WSR-SDV-NYK-XXX
548,DDA-XXX-CSN-FLI-QNI-XXX-QHI-YVT-YYF-WDV-XXX
549,RHN-TGR-SAE-TDR-RHR
550,QNK-TQS-KTE-SDV-TAH-RYL-RKR-XXX-RHE
551,TTR-SDF-YDR-MRQ-XXX-DAN-RFS-HNL-GES-NDR
552,ECQ-EKQ-KDX-VNE-XXX-VNQ-XXX-EAK-QAK
553,HQG-RKQ-FSI-REQ-PKL-SNK-QDR-RDQ-YNK-LEQ-NNK-LKR-QDR-RDQ-YNK-LKQ-NNK-LKR
554,KTV-VSR-DAV-RAE-KYV-CAA-CAV-TAA-HTI-RAH-QSE-HAV-RTE-HNL
555,SAM-RLG-DNA-XXX
556,FAS-SAQ-DKA
557,TSI-TNV-CSM-TNT-NMQ-SAI
558,RKT-DSK-NQV-IDR-MNS-STK-SAI-QNK-RSS-XXX-RNM-DSK-NQV-IDR-MNS-DDE-SAV-RSK-RSC
559,TEV-SDV-TQT-TTS-SAL
560,HDK-VDI-EFN-NSE-TQL-SYI-QSY-YVM
561,RSR-TLN-TER-DKR-QTI-EAQ-QLA
562,SQK-SGY-SGY-SGY
563,RHQ-XXX-XXX-XXX-KKE-YGQ-WNI-QKE-HGL-XXX-XXX-XXX-XXX-XXX-KDV-XXX-CSK-XXX-HKE-QSK-XXX-IHQ-XXX
564,NNR-RSQ-XXX-TNK-RVD-RVD-LTA-SNR-RME-QNK-ETT-TMK-TSR
565,SGR-TKT-FQQ-SSR-XXX-TRS-TSS
566,XXX-YSI-CFL-QYI-HKV-XXX-XXX-XXX-XXX-NNI-QNT-XXX-QYI-QNK-QVV-HNM-HVI-QGI-QHR
567,RHQ-QDI-XXX-YTQ-XTI-KKE-CGQ-WDI-QKE-QGL-XXX-WNI-XXX-XXX-KDV-CSK-WEI-XXX-WSK-XXX-XXX-XXX
568,XXX-RRQ-QDI-XXX-XXX-YGQ-WNI-XXX-QGL-XXX-XXX-XXX-WSK-XXX-KDV-XXX-YSK-XXX-HKE-WSK-XXX-XXX
569,LLR-QLD-QVS-SRW-SSR-TAT
570,QSL-WNE-CSV-CLM-QHR-CSV-SRL-CYV-SYV-CSV-QCK-WHE
571,SQA-DTQ-QTR-RRE-QNS
572,TQC-TVQ-VDT-TPC
573,TQC-TVQ-VDT-TPN-TEE
574,QHR-QHR-QAQ-RSK-QGQ-HHR-QNE-QSE-HAQ-XXX-GHR
575,DRQ-DHR-RRY-XXX-SYK
576,XXX-KTN-QNQ-XXX-QHV-XXX-XXX
577,XXX-QYC-QNS-RNR-RHQ-GTH-NTN-RYV-HAI-HAI-QTR-RHT-SHR-XXX
578,PDL-YKR-QHQ-YKR-CDI-SVQ-RVQ-CRV-QTQ-WSQ
579,QDR-YLR-SAQ-SVQ-CSV-SAQ-QTQ-WRL
580,YKR-SDV-SAQ-RAQ-CLV-QAQ-WSQ
581,NYK-XXX-KSE-RSV-XXX-MYE-SNR-XXX
582,QDQ-FHA-WNR-QSQ-RAR-WDQ-CHR-QVK
583,HHY-WNR-RAL-CYE-WNR-RTD-YAV-NFI-WNR-RTD-RRN-GTS-KQS-WNR
584,WHG-QQV-HHQ-QKD-RNR-SND-RCR-QQE-LCR-QYI-YSV-DQV-QTH
585,RHG-QQV-HHQ-QRD-RSR-SND-RCR-QQE-LCR-QHI-YSV-DQV-QTH
586,QNV-HNV-GHR-RGS-RNQ-SKD-LTE-SND-QQL-YQQ
587,KHN-QSM-QYN-RGI-QYD-LSL-QYD-RSL-SND-QYD-LSL-SND-MSV-YSV-SNE-LSG-YNA-YNE-SNV-QNV-SNG-QNV
588,QNV-QNV-QNV-YQR-RNV-QNV-CHV-QCV-CYI-QSV-SHR
589,QSV-QHR-QNV-XXX-CYV-QHL
590,QSQ-RFQ-CFQ-NHE-QHH-KNQ-TNQ-QSK-QPK-QCR-QCQ-HSE-KHE-HVR
591,QSQ-KNQ-TIQ-QSK-QCR-QCQ-QSE-KHE-HAR
592,RQI-VVN-CYR-EEK-XXX-ATL-QSS-RVG-LAV-TQR-ATY-DTA-RLR-HTL-RQI
593,XXX-AHK-CSG-YQT-XXX
594,QTR-RTT-QNF-RDK
595,XXX-YSI-RFL-CLL-QYI-HRV-NNL-RFI-CFV-HYV-CFI-NNI-QNT-RFI-QYI-QNK-HNT-DVI-QKV-QGI-QHR
596,NLK-RFK-DHD-LQQ-DLE
597,RAM-XXX-KSI-XXX-TSE-RGK-XXX-WDS-ELR-QER-DSR-DTK
598,KLR-XXX-XXX-YVQ-YSR-YVR-YSR
599,ANK-LYK-QSV-HLR-QQD
600,THR-QLR-QHR
601,KQV-TKR-TNA-TKS-TAS-KRI-SKR-RHG-SSA
602,SLA-XXX-TSR-LYR-TIN-STM-VNK-LTI-YTN-TAM
603,XXX-XXX-RNI-NDK-HSK
604,XXX-WNR-TGQ-XXX-INR-QNR
605,ESR-QQT-QQF-QTY-VST-SEK-DNK
606,YDQ-TLE-INQ-SEL-DDS-LNR-SEK-QDI-NES
607,ESR-YNS-RNT-HTS-HQL
608,DHR-DHR-XXX-RPC-ART-XXX
609,KNK-XXX-RSK-RVE-RTE-WSE-QSE-QSI-WSK-RHK-QTL-RTE-WSE-QGI-RAE-LTK-WSK-RTV
610,VRQ-WIK-RHK-QTL-WSE-TDK-RTT-WTV-VNN-QHK-QNQ
611,KQX-XXX-XXX-XXX-QSE-XXX-XXX-RHE-RHK-QAE-WSE-XXX
612,XXX-XXX-XXX-XXX-SNK-RTK-RVE-QTK-RTE-WDK-WYK-CAK-WYK-XXX-XXX-XXX-XXX-XXX-WTE-RPK-XXX-XXX
613,XXX-WIE-THK-RTK-SNK-RTK-QKE-RVE-RDQ-QLQ-RHK-QPK-XXX-XXX-RTV
614,KDQ-XXX-RNA-HHK-SSK-ITK-QNV-QNV-RAQ-SNA-HHK-SSK-STK-QIV-QNV-RDQ-XXX-WAQ-RNT-QHR-SSK-STK-QIV-QNA-QNA-SSK-XXX
615,HNL-MKK-RVR
616,NHW-QHR-XXX-QNX
617,DQK-TER-RYK-DES
618,XXX-XXX-AKE-XXX-VNV-EAK
619,KHA-RER-RHL
620,GKF-HNH-QTD-HAR
621,SQH-RHA-SHK-RNQ-QHR-NER-DNK-KNY-KDK
622,HHA-HHA-HHA-HHA-HHA-HHA-HHA-HHA-HHA-HHA-HHA-HHA
623,KDQ-QNK-XXX-KTE-CYR-XXX-RHE
624,SKR-RHN-TGR-SAE-TDR-RHR
625,XXX-EYC-XXX-XXX-HCQ-QGM-QNC-XAI-XXX-XXX-XXX-XXX-QSK-PIE
626,SIE-SAR-SQR-RQA-TSR-RTV-STV-KGM-QGE-RYV
627,RYR-RSL-RTR-CNQ-LQS-TMR-TQE-RAC-NET-TKE-RNL-HVR
628,NAK-EKR-LNT-QNA
629,SFQ-XXX-WHI-WVT-RVT-RVT-WVT-WVT-NHR-DHR-DNS-NHR-NHR-DSY
630,QNV-QKV-XXX-XXX-GNV-XXX-XXX-QCV-CYI-QSV-XXX
631,LHE-RAQ-HHE-XXX-XXX-QER
632,XXX-YSN-XXX-RQE-XXX-TSQ-TRK-YCV-VRR
633,TSI-TDV-CSM-TNT-XXX
634,SNT-QHT-QHR-YEA-TQR-YQN-QHQ-LNR-QTA-LNR
635,LDR-XXX-CTK-XXX-XDK-XXX-CDN-WHR
636,RER-RHT-RER
637,KQV-EHV-QSI-QPI-QQI-EHI-RET-RQI-QHG-QHG-QDL-QQV
638,XXX-KQI-EHA-QSI-QPI-XXX-REI-RQI-QHG-QHG-QDV-QQV
639,NSK-QAQ-LSK-RGI-SSY-QSQ-SRR-STI-QAQ-CSN-QAQ-QSA-HSN
640,HSK-QAQ-HSK-RGI-SSY-QSQ-SRR-STI-QAQ-CSN-QAQ-QSA-QSN
641,QSK-ESV-QNV-KSQ-QNV-QHV-KTL-QYE-KSQ-GSV-QYE-KSV-RNR
642,KTK-QHH-VSY-RHH-CHK-QSQ-VSE-DSR-DAQ-DAQ-RHQ-QNQ
643,HSK-QSQ-FSG-GSN-QSQ-SRR-YAI-QAQ-WRI-SGT-QAQ-QST-QSN
644,QHE-HSS-NTK-QTV-CKR-QSE-RTE-QSE-CNR-QFE-YNR
645,XXX-XXX-HSK-HSK-HSK-YPK-XXX-LSR
646,YRQ-SSV-SSN-YVQ-NGV-NGV-TTN-YLQ-NGV-YGV-YLQ-NGV-SSN-YAQ-NGV-SSN-TTN-YLQ-NSV-SSN-STS-YLQ-NGV-SSN-XXX-INK
647,SSR-CGT-TGR-MSL-FVA-DAR-VNR-HAI-ANH-WSR-TNR-FTR-SDR-LSR
648,KVK-TNK-KMK
649,XXX-QDS-HAG-QDV-RNR-GDS-HAV-QDV-RNR-XXX-XXX-XXX-XXX
650,GTQ-XXX-YVQ-XXX-QHL-XXX-DAQ-XXX-DSQ-RYQ-XXX-FAQ-DAQ-WDN-XXX-XXX-QYK
651,YDV-RHE-RHL-RNQ-DTQ-WSE-RSE-RSI-QTR
652,YAR-RNN-ESQ-QHQ-QHE-RHQ-GTR-QNQ-YSQ-YSQ-YNQ-RSK-YSQ-QHQ-HSQ-QHQ-RHE-QYQ-YAK
653,XXX-HKR-EDR-LHR-VHR-QNQ
654,XXX-QQD-YYQ-HDX-XXX-XXX-NHR-XXX
655,HDK-QHG-GGQ-VAR
656,QGR-YAS-QGL-QGL-HHG-RHG-QGE-GGQ-QSR
657,QGR-XXX-VHI-VDK-VAK-XXX-QTH-GNK
658,WGM-TEQ-QGQ-WVK-HHE-XXX-QGQ-WEI-XXX-LGK-XXX-XXX-WDK-QTQ
659,QGR-RGN-QGQ-RFE-RNR
660,QGK-GAI-HNK-QSE-RHR-RSE-RYQ
661,XXX-RHR-QGE-RHR-QLH-LDR-LHQ-QGQ
662,KVE-RSE-AGR-LCQ-QGQ-KLK-XXX
663,QGK-GAI-HDK-QSE-RHR-QGE-RYQ-XXX
664,QHE-GVR-RAQ-QGH-RIQ-YSS-XXX-QSE-QVE-GSQ-QDK-QAQ-LVQ-XXX
665,QIE-QGQ-QGH-RVK-YNQ
666,WDL-TQM-SAR-TRM-FSI-GDK-RDK-IEK-HKA-DCI-GNN-HVQ-QAG-VNG
667,RYS-SSY-DGR-DER-KYR-SRR-XXX
668,GKF-HNR-QTD-HAR
669,TDK-TIV-SNN-ESK-QTM
670,REK-DSN-DVL-RTA-XXX-KTR-VAS-NDT-DSQ
671,STP-YNA-SHD-SET-ELD-SEK-SSK-TAK-RNA-INL-AGQ-TNV-TNR-SNR
672,YSA-RGI-DNK-RDR
673,YFI-QSV-TSE-QQS-DQK-AST-DAR-RNA
674,SDA-NEF-HDT-NIE
675,KVK-TNK-KMK
676,TKI-RHN-TGR-SVD-TDR-RHR
677,XXX-WTQ-CHE-XXX-SQD
678,TLV-TLV-TLV-TLV-TLV-TLV
679,KKI-QTV-QHQ-QHL-RAD-RTT-RYI-LAR-XXX-XXX-EYE-HSR-QYI-RNV-QYV-HAS
680,RDR-QNT-EAQ-VNR-HQR
681,HRK-YHI-YHT-RYT-QAR-XXX-RAK-YHR-RHA-RHA-QAR-HDR-QNK-QVT-QHT
682,HVV-VNK-XXX-XXX-NAK-MND-HTV-MAQ-XXX-XXX-YPI-VNN
683,KKI-QTV-QHQ-QHQ-QAD-RTT-RYV-LAR-QYI-QAR-QYI-QAR-QYI-RYV-HAS
684,QAR-QSR-XXX-HHQ-XXX-LHQ-XXX-XXX-XXX
685,KHA-RER-RHK
686,KHA-RER-RHK
687,GVV-QNR-RAG-QSE-DMI-DES
688,QHQ-QSQ-RSE-QHQ-QHQ
689,RIQ-XXX-QHG-QHG-WYQ-QHG-XXX-XXX-XXX-XXX-QHG
690,XXX-XXX-KNE-CTK-WHK-WVH-RTS-WNX-WSQ-CAQ-RTN-XXX-XXX
691,WIQ-QHG-QHG-XYH-XXX-XXX-XXX-XXX
692,XXX-CNT-WNR-RAN-VTD-WNR-LNR-RAI-LTD-LTD-CTQ-WSK-XXX
693,WIQ-XXX-QHG-XXX-QHG-CNK-XXX
694,XXX-CTR-WSK-RTN-LTK-FTT-LTY-CTK-FTT-WSN-QTV
695,XIQ-LHG-WYQ-HVK-XXX-XXX
696,XXX-CNT-WNR-RAN-VTD-WNR-LNR-XXX-LTD-LTD-CTQ-WSK-XXX
697,XXX-CNT-WNR-RAN-VTD-WNR-LNR-RAI-LTD-LTD-CTQ-WSK-XXX
698,QIQ-XXX-XXX-XHG-WYQ-XXX-XXX-XXX
699,XXX-RNT-WNR-RTN-VTD-CTT-RSK-XXX
700,XXX-XXX-KNE-CAK-CDK-CDK-WAQ-YTS-WDN-CNK-WDN-CSK-WDK-WAK-RTS-XXX-WAK-XXX-WDN-SHR-XXX
701,XXX-XXX-WNR-RTN-VAY-CTT-CTA-WSK-XTV
702,XXX-CTK-WTK-RTN-LSY-CTK-FTT-WSN-QTV
703,XXX-LDR-KNE-CTK-CDN-WDK-WAK-RTN-CDN-WHR-XXX
704,MHX-XXX-XXX-XXX-XXX-QHK-QNK-XXX-GYX-XXX-XXX-CNR
705,MHQ-WEK-QTK-LIK-WTN-QNK-QNR-QNE-GSR-LTN-WTN-RHR
706,VQQ-WTK-QQR-QHI-XXX-LNN-XXX-XXX-QTR-QNE-XXX-RTR-QNE-RTK-QQR-XXX-XXX-RNI-CTR-LTA-QNT-QSI-XXX-XXX-XXX-XTK-XXX-XXX-XXX-XXX
707,MRQ-XXX-XXX-QHR-XXX-XXX-QTT-QKE-RIT-WTT-QHR-KTA-QNK-QQI-XXX-XXX-XXX-XXX
708,XXX-QNK-QTK-VVK-ITK-WTK-QTR-XXX-VTK-ATE-WTK-RNR-XXX-XXX
709,XXX-XXX-QHR-QTT-QKE-RKE-QTT-QND-QNR-QAT-RTG-QTT-XKE-HTK-QTT-XNK-QTT-LNT-QTI-QTI-RKT-XXX-RND-LTK-QHI-XXX-XXX-XXX
710,XXX-WTK-RNK-RTK-QIK-VIK-QNK-QTK-QTE-WAK-VTK-QIK-XXX-XXX
711,RWQ-QAV-QYE-QTR-RTC-RDQ-FNR-WSK
712,QDR-QAK-QHR-XXX-QDK-QTK-QHR
713,QNQ-QHQ-VHQ-RHE
714,QHQ-QHQ-VHQ-RHG-QSE-YDQ-XXX-LHQ-WSK
715,QAR-QSR-XXX-RHQ-HYE-LHQ-QCQ-XXX-HAQ-XXX
716,RNR-LYK-QHV-RHV-XXX-KRR-QIR
717,RSR-LNL-HNL-QDK-RYL-RTL
718,NNK-HNL-XXX-GSR-QGS-HNK-SNK
719,RDQ-QHQ-CAL-WTH-RTH-QHQ-YGQ-YAR
720,QTR-RTT-QNF-RDK
721,SGR-TNR-SMR-SNK-RDR-KYH
722,KHS-RER-RHK
723,XXX-RCR-LLV-KKE-QQR-LMA-HKE-LIA-RKE-LQS-VDA-XXX-LQS-EHR-YKE
724,VDK-LST-YNK-QEE-LGV-RAT-YKE-LSA-WAA-RKC-QRQ-RHE-WSF-HQE-LNS-QRE-ISV-QSA-YAT
725,XXX-HRY-DRS-LSL-GAR-RHN-RHK-YTD
726,VSI-CGR-RHN-RNK-YSD
727,YQT-CST-HDR-QHQ
728,LNI-QSL-RDR-RHV
729,QLP-XXX-XXX-RTE-RNV-CWR
730,LNI-HQL-HSK-LSI-RHR-EKN-RHE-QHE-YSY
731,XXX-RHR-EKD-RHK
732,DTL-QHL-KHR-QHS-KHR-HHR-WNT-HHR-SNA-RHR-SNR-RHR
733,HFL-GAL-RQA-QQA-HNA-NYS-HNS-LFA-KHA-QHA-HYA-QNS-QNT-DRA
734,WSI-QNR-QHK-HGI-WSI-QNR-QHK-SAA-WAI-QNR-QHK
735,QSR-VNV-LNT-EFN-RST
736,KNR-HDK-KNR-HDK-KYQ-HHQ-EVR-EDR-HVR-RNL-KNQ
737,NHR-QHR-XXX-XXX-QNE
738,NYR-QHR-QNR-XXX-QNK
739,NYR-QHR-QNR-XXX-QNK
740,NYR-QHR-QNR-QNK
741,RER-RHT-RER
742,XXX-CNN-WDK-WAK-XXX-CDN-XXX
743,TGK-SAM-RLG-DNA-XXX
744,RSE-QSI-QSK-XXX-RHK-XXX
745,SKV-RHN-TGR-SVE-TDR-RHR
746,XXX-KRI-QSK-SAS-DTS
747,YST-SSG-YTA-TNI-VNI-LNL-SKL-VNQ-DRM-NHL-TKI-TAK-QIV-QTI-NIS-XXX-TLE-AAS-ASD-GAQ
748,XXX-TAI-QHA-XXX-NIT-GSA-DSR-XXX-VNV
749,KNI-QTV-QNT-RDR
750,KHA-RER-RHK
751,NAM-SNQ-TEQ-XXX-XXX-XXX
752,XXX-DVF-DSE-DML-DDT
753,LLH-QLD-QVS-LSW-NQE-XXX
754,NHT-NHQ-NHI-SHQ-HVE-QSR-CTK-RNT-LHR-QTI-QNR-RYQ
755,NES-FSA-INV-SHV-DNK-NDR-KAL-SRT-XXX-TCR-DKA-ELS-XXX-SNA-STS-QQR-ISR-TER
756,HDR-HDK-CNK-YCR-YLK-GGQ
757,YLK-GGQ-HHQ-QNR-WVE-GHR-QQQ
758,CDK-HHR-QNR-QDK-HNR-QNQ-RFE-AGR-LHQ
759,FDR-QHE-HGE-HDR-QLR-RSR-HDE-RKQ-QNQ-LYR-QHE-QKL-QNQ
760,CRA-WNR-LRQ-QNR-TNH-WGI-HFR
761,TNR-SAM-RLG-DNA-XXX
762,YDR-HNL-LHL-RTQ-QQQ-RSQ-QSL-FHE-RTQ-QQL-RTQ-GTQ
763,QYN-YNK-QEN-RNK-ASY-DIR-QNQ-QKE-QHQ-NRH-QYQ-HNQ
764,XXX-QIR-QQA-RRQ-RTE-RSK-HLL-RNL-RTE-RTQ
765,LQQ-LKQ-QSH-QQR-QTQ-WRQ-CRR-QHQ-QSY-MQI-QTQ-RYE-WHI-RRQ
766,RHQ-QVK-VDQ-QHQ-HVS-VTQ-DVQ-HTN-QHQ-ASQ-LTV-QVQ-QHQ
767,XXX-XXX-GDR-QSK-RNQ-RNK-QHK-RNK-QSQ-YVK-HAQ-RNL-QTQ-RNH-QHQ-QVQ-QKK
768,XXX-XXX-VYQ-TSQ-HNH-RNQ-TFQ-LTV-QQQ-ASQ-QHQ-QNH-LSQ-QHQ-QTK-QHH-VSQ-QQQ-ASQ-QHQ-XTS
769,QER-XXX-NDK-DSK
770,DTI-XXX-SSL-NTV-XXX
771,MHQ-ENT-XXX-QNT-QTT-XXX-XXX-QTT-RHT-LHT-QTK-QHT-NIR
772,XXX-XXX-QNK-KHA-HHV-YAA-HAA-HVA-YAA-HAI-HAA-QRT-QYG-YAV-QHA-DAA-XXX-EYA-HTV-QHA-QTV-RAV
773,RHQ-XXX-XXX-KKE-YGQ-WNI-QKE-QGL-WNI-XXX-XXX-XXX-KDV-XXX-YSK-XXX-HKE-WSK-XXX-XXX-XXX
774,DAA-XXX-EYA-HTV-QHA-QTV-RAV
775,RHQ-XXX-XXX-KKE-YGQ-WNI-QKE-QGL-WNI-XXX-XXX-XXX-KDV-XXX-YSK-XXX-HKE-WNK-XXX-XXX-XXX
776,XXX-XXX-QNK-KHA-HHV-YAA-HAA-HVA-YAA-HAI-HAA-QRT-QYG-YAV-QHA-DAA-XXX-EYA-HTV-QHA-QTV-RAV
777,KHA-RER-RHK
778,XXX-XXX-XXX-RTM-RHT-KQV-HNI-DNK-WRI-QTM-HHT-KQV-DNT-RGI-RTM-QHR-KQE-INK
779,QDK-QSI-YSN-QAL-QSQ-QLS-QTR-QTG-QTR-FLR-FAR-XXX
780,XXX-QHQ-QHT-QTG-QTD-QNI-RHQ-RTV-RID-QNI
781,XXX-XXX-XXX-ERK-AGI-YIV-HGN-LGK-QQG-QNV-QNG-EVK-QNV-QSE
782,QDS-HVG-QDV-RNR-GDS-HAV-QDV-RNR-XXX-XXX-XXX-XXX
783,RHQ-RFE-VTR-QSK-WHE-RLE-LYQ-RFE-QNR-RGQ-VHQ-RFE-QNR-RGQ-QSN-CSQ
784,SDA-SLE-RRK-RRD-HSR-SKA-TGV-SST-NDQ-NSP-NSV-SGV-TGI-YAK-EGL-NGT-TKI-TGR-IGA-SES-TAN-SGS-YRT-TQE-YSR-YND-SSQ-HES-QER
785,KHA-RER-RHL
786,YSK-DSP-LHK-DSQ-HSK-QCR-HSY-TLR-QSE-RIE-SGR
787,CSQ-RNQ-QNQ-HSN-HAQ-RHE-HSR-HAQ-RHE-RHE-YSR-LAK-HSR
788,HGD-QHV-HAD-HNQ-YSE-YSK-KHI-HSY-QGQ-QHV-AQI-QSK
789,YCT-YCE-YPE-FNE
790,HNR-QNR-ATD-HAK
791,HNN-QNR-QSD-HVK
792,QSR-RQY-FTQ
793,YSQ-QSQ-QNK-DAQ-HNN-YAQ-QNN-QNI-EAR-QSQ-CAR
794,SNS-QTN-QGA
795,TGV-HSQ-RTT-QDK-QNT-RDR
796,XXX-RRQ-QDI-XXX-XXX-YGQ-WNI-XXX-QGL-XXX-XXX-XXX-WSK-XXX-KDV-XXX-YSK-XXX-HKE-WSK-XXX-XXX
797,QYQ-RDV-LHE-RDV-LQE-VHQ-HYQ-FER-LER-CQL-SHQ-LER-HQS-RNQ-FEQ-RHQ-RHQ-CRL-RHQ-LER-VER-RQL
798,CNQ-LQR-LQR-RNQ-RNQ-YQE-LKR-LQR-RNQ-RNQ-YQQ-LQR-RNQ-LQQ-RNQ-LHR-LQH-RNQ-RNQ-YQE-LQQ-XXX-XXX-HQE-YQG-SNV-XXX-XXX-CSQ-LVA-VLQ-XXX-XXX
799,RNQ-LQR-LLR-RNQ-RHQ-YQE-LKR-LQR-RNQ-RHQ-YQE-RSQ-LQQ-RNQ-LHR-LQR-LQR-XXX-CNQ-XXX-XXX-FVA-CNQ-VKQ
800,WHG-QQV-HHQ-QKD-RNR-SND-RCR-QQE-LCR-QYI-YSV-DQV-QTH
801,RHG-QQV-HHQ-QRD-RSR-SND-RCR-QQE-LCR-QHI-YSV-DQV-QTH
802,QNV-HNV-GHR-RGS-RNQ-SKD-LTE-SND-QQL-YQQ
803,KHN-QSM-QYN-RGI-QYD-LSL-QYD-RSL-SND-QYD-LSL-SND-MSV-YSV-SNE-LSG-YNA-YNE-SNV-QNV-SNG-QNV
804,QNV-QNV-QNV-YQR-RNV-QNV-CHV-QCV-CYI-QSV-SHR
805,QSV-QHR-QNV-XXX-CYV-QHL
806,QSQ-RFQ-CFQ-NHE-QHH-KNQ-TNQ-QSK-QPK-QCR-QCQ-HSE-KHE-HVR
807,QSQ-KNQ-TIQ-QSK-QCR-QCQ-QSE-KHE-HAR
808,XXX-KHQ-RYX-RYQ-XXX-XXX-XXX-XXX-RTQ
809,XXX-KHQ-RYX-RYQ-XXX-XXX-XXX-XXX-RTQ
810,XXX-KHQ-RYX-RYQ-XXX-XXX-XXX-XXX-RTQ
811,TNR-SAM-RLG-DNA-XXX
812,NHR-QHR-XXX-XXX-QNE
813,NYR-QHR-QNR-XXX-QNK
814,NHR-QHR-XXX-XXX-QNE
815,XXX-KHQ-RYX-RYQ-XXX-XXX-XXX-XXX-RTQ
816,HNV-QET-KNI-QQI-QTL-RRV
817,SAI-TNV-CAM-TNT-NVQ-CAI-TNQ-SAI-XXX
818,SAI-TNV-CAM-TNT-NVQ-CAI-TNQ-SAI-XXX
819,KTT-WYI-XXX-YNT-XXX
820,XXX-WHT-QNT-XXX-XXX-HTS-XTK-XXX-XXX-XDK-XXX
821,XXX-XXX-RHT-RNT-RIT-YST-WHT-YTK-YSA-HPK-RIT-RNK-CIT-YTR-HTS-SNR
822,MCE-WTK-QNK-RTT-RTT-QNT-QHT-HHT-HTK-QKE-QNR-WTI-QKK-QNK-WVK
823,MHR-CIE-RHT-WHT-QTA-RYN-HTT-XTK-XXX-XXX-XXX
824,MHQ-WTT-RHT-RHT-RHT-QTT-RYK-WAK-ENT-RQA-RTK-QTK-XXX-XXX-XXX
825,QNT-RNK-WKE-WTK-QNT-RNK-WKE-HIK-QNT-QNT-QTK-WTK-LTT-RNE-YHT-QNT-XXX-XXX-XXX-XXX
826,XXX-KIK-RIK-STT-SKE-WSE-RIK-KTT-SKE-WSE-WSK-TIK-WIE-RSR-STY-XXX-XXX-CHT-XXX-XXX-RIK-XXX
827,QDR-RHQ-RHQ-RHQ-RHQ-EDK-QDR-RHQ-RHT-EDK-QNT-RAK
828,TQC-TVQ-VDT-TPC
829,TQC-TVQ-VDT-TPN-TEE
830,WDL-TQM-SAR-TRM-FSI-GDK-RDK-IEK-HKA-DCI-GNN-HVQ-QAG-VNG
831,WDL-TQM-SAR-TRM-FSI-GDK-RDK-IEK-HKA-DCI-GNN-HVQ-QAG-VNG
832,RYS-SSY-DGR-DER-KYR-SRR-XXX
833,GKF-HNR-QTD-HAR
834,WDL-TQM-SAR-TRM-FSI-GDK-RDK-IEK-HKA-DCI-GNN-HVQ-QAG-VNG
835,RYS-SSY-DGR-DER-KYR-SRR-XXX
836,GKF-HNR-QTD-HAR
837,WDL-TQM-SAR-TRM-FSI-GDK-RDK-IEK-HKA-DCI-GNN-HVQ-QAG-VNG
838,RYS-SSY-DGR-DER-KYR-SRR-XXX
839,RYS-SSY-DGR-DER-KYR-SRR-XXX
840,GKF-HNR-QTD-HAR
841,WDL-TQM-SAR-TRM-FSI-GDK-RDK-IEK-HKA-DCI-GNN-HVQ-QAG-VNG
842,RYS-SSY-DGR-DER-KYR-SRR-XXX
843,GKF-HNR-QTD-HAR
844,WDL-TQM-SAR-TRM-FSI-GDK-RDK-IEK-HKA-DCI-GNN-HVQ-QAG-VNG
845,RYS-SSY-DGR-DER-KYR-SRR-XXX
846,YDR-HNL-LHL-RTQ-QQQ-RSQ-QSL-FHE-RTQ-QQL-RTQ-GTQ
847,NYR-QHR-QNR-XXX-QNK
848,FDR-QHE-HGE-HDR-QLR-RSR-HDE-RKQ-QNQ-LYR-QHE-QKL-QNQ
849,CRA-WNR-LRQ-QNR-TNH-WGI-HFR
850,XXX-CGI-HFL-HYV-NNI-QNT-XXX-XXX-QNK-XXX-YNM-HVI-XXX-RHR
851,XXX-YSI-CFL-QYI-HKV-NNI-QFV-XXX-XXX-NNI-QNT-XXX-QYI-QNK-QVV-HNM-HVI-QGI-QHR
852,XXX-YSI-CFL-QYI-HKV-XXX-QFV-XXX-XXX-NNI-QNT-XXX-XXX-QNK-QVV-HNM-HVI-XXX-QHR
853,XXX-KHQ-RYX-RYQ-XXX-XXX-XXX-XXX-RTQ
854,DAK-EKR-LNT-QNT
855,SFR-KSN-HAT-ELR-HEK-DNT-DEQ-NDR-REK-DVR-QEK-DGR-REQ
856,ESM-HQT-QQT-XXX
857,QNV-QTA-QTK-RTK-XXX
858,QNV-QTA-QTK-SHR-XXX-GHV-GHV-ETV-EPK-RTK-VTV-GTK
859,RNE-AYA-RQL-ETI-VSQ-ASQ-MTN-VSI-VRE-MSQ-VRE-RHE
860,QHE-LNT-QDR-QDI-RAM-QHT-KQV-HNT-DNK-WRI-QTV-QHA-KQV-DNT-WRI-QTM-DNK
861,XXX-QEM-QSR-LAI-QTM-QHA-SQM-NNT-DNK-QET-KHV-DNK-QVM
862,KHV-QQI-ETI-QNV-QDI-DTI-ETV-QNV-QYL-QYI-EKI-QQI-ETV-QNV
863,KQI-EHV-XXX-QHI-EHI-RQI-QHG-QHG-QPI-QLI-LHL-GPI-XXX-XXX
864,SAI-XXX-CAM-TNT-DIQ-CAI-XXX-XXX
865,KHA-RER-RHL
866,KQV-TKR-TNA-TKA-TAS-KRI-SKR-RHG-ASI-SST
867,KQM-TKR-TNA-TKA-TAS-KRI-SKR-RHG-ASI-SST
868,SFR-KSN-ELR-HEK-DNT-XXX-NDR-REK-DIG-QEK-DGR-REQ
869,HSK-QPQ-QRE-HLQ-QHQ-HSK
870,TKR-QHR-NTK-XXX-QHI-IKK-SKR-XXX-XXX-XXX
871,CSR-LYK-NFS
872,TQC-TIQ-MPN-TEE
873,XLR-HNR-KDM
874,VDK-WDK-HNT-QHK-RSR
875,RQG-RDR-RHG-HSR-RAL-QSI-QGM
876,LLQ-GEE-KGQ-VHR-DEK-GGE-REK-QSE-GDK-RGR-RAK
877,RNK-RAE-RNK-RAE-RNE-GQH-GGQ-RNK
878,SFR-KSN-HAT-ELR-HEK-DNT-DEQ-NDR-REK-DVR-QEK-DGR-REQ
879,XXX-CTK-XXX-WDK-XXX-XXX-SHR
880,XXX-KRI-QSK-SAS-DAA
881,TEK-DSS-DVL-KAA-KTR-KES-NSQ
882,GVN-LLE-YSK-XXX-YSK-XXX-XXX
883,GVV-QNR-RAG-QSE-DMI-DES
884,ELV-QAS-DGN-SGL-NLQ-KHE-XXX-EAR-LAE-DAK-TAA-NLK-HVR-DYK-WYV-RQS-REK-HAS-STF-XXX-AAL-QCQ-RRA-TKL-LDR-SAQ-SSG-NAE-EGK-HVH-NKW-XXX-WQY-RAV-TLT-WGH-QQK
885,XXX-XXX-SFR-XXX-YFG-XXX-SSQ-XXX-CQG-XXX
886,YSN-RNA-STA-STA-TTA-STA-QYI-RHI-QYI-LSR-CSK
887,RNV-QNV-RNV-XXX-QEV-QNV-REV-XXX-QDV-XXX-XXX-XXX-XXX-XXX
888,QSV-HSI-KHV-QYV-QHI-RVI-QHI-WVI-KNV-QDV-KNV-KSV-HSI-KHV-HSI-KHV-QYV-XXX-RVI-WHI-RDV-XXX-DPV-XXX
889,XXX-HSI-XXX-XXX-HSD-QYV-YYV-QDV-XXX-XXX-DPV-XXX
890,QSV-HSI-HQY-XXX-KNV-WGV-QIV-RIV-RIV-LNV-KGV-XXX-ESV-XXX
891,CES-SKL-HCQ-QHL-YHX-CDV-XXX-XXX-YQV
892,KNV-RYV-XXX-KNV-XXX-XXX-XXX-XXX
893,KSV-KNV-XXX-QHI-QDV-RHI-QDV-KNV-KSV-XXX-KNV-QYV-QHI-XXX-XXX-XXX-XXX
894,KSV-HSI-XXX-WDV-XXX-KRV-QDV-KNV-KHV-YSV
895,RSV-KSV-KNV-XXX-RDV-KSV-QFV-KNV-NGV-XXX-DSF-XXX
896,QSV-HSI-XXX-XXX-KSV-WGV-QIV-XXX-QHL-LNV-KGG-XXX-XXX
897,KRV-HSI-KHV-RDV-KHV-QDV-KSV-HSI-QYV-XXX-QYV-HHI-RDV-KKV-XXX-XXX-XXX
898,XXX-WNV-HSD-KRV-QKV-KNV-KNV-KNV-XXX-XXX-DSV
899,KNV-QYI-QHI-QHV-QDV-RHI-QDV-KNV-KSV-HSI-QYV-XXX-RVI-XXX-XXX-XXX
900,XXX-HSI-KNV-QYV-QHI-RVI-KNV-QYV-QHI-RVI-QHI-QHV-QDV-RHI-QDV-KNV-KSV-HSI-TKV-HSI-NNV-QYV-XXX-RDV-XXX-XXX-XXX-RVI-XXX-XXX-DLV
901,SHR-QLR-QHR-XXX
902,YSN-TNV-SAK-DNR-RHK-RHV-GSM-ITK-RKY
903,XXX-QTY-HSY-QSY-WSI-HSC-HNC-XXX-XXX
904,HTQ-WDK-RDK-RSR-VRE-KNE-QRR-RTR-IEQ-RHR
905,QSR-RQY-FIQ
906,SII-CTR-YNR-QDR
907,TKI-RHN-TGR-SVD-TDR-RHR
908,KVK-TNK-KMK
909,SDA-CDI-NIE
910,YFI-QSV-TSE-QQS-DQK-AST-DAR-RNA
911,SFR-KSN-XXX-ELR-HEK-DNT-DEQ-NDR-REK-DVR-QEK-DGR-REQ
912,RER-RHT-RER
913,SQC-TVQ-TPC
914,XXX-XXX-RNR-CDR-CYR-CDR-YDN-SSQ-SNE-CEN-CNQ-CNQ-CSK-QDR-CNQ-SEE
915,KHS-RER-RHK
916,XXX-SYT-XXX-SSE-PYK
917,NSK-SAI-RNI-THI-YNA-SSN-RSI-RSI-SSN-LDI-SYN-IYK-YNR-YSN
918,NSK-SAI-SNT-CYI-RSM-CSR-RNN-NNI-RSI-CSR-SFI-SSN-CRI-SSI-YNR-XXX
919,NSK-SSI-THI-RAI-CHI-THI-GHI-YDR-NSN-YNI-RHI-RHV-LSI-RHI-CNM-RLK-SSN-XXX
920,NSQ-SSV-THI-SNT-TNI-YAA-SSN-SIR-LYI-SNN-CSI-SYI-YSI-SYI-SSN-RNI-LDI-CSI-SYI-SYV-SYI-YDR-XXX-XXX
921,NSK-SAI-RNI-THI-YNA-SSN-RSI-RSI-SSN-LDI-SYN-IYK-YNR-YSN
922,NSK-SAI-RNI-THI-YNA-SSN-RSI-RSI-SSN-LDI-SYN-IYK-YNR-YSN
923,NSK-SAI-SNT-CYI-RSM-CSR-RNN-NNI-RSI-CSR-SFI-SSN-CRI-SSI-CNR-XXX
924,NSK-SSI-THI-RTI-CHI-THI-GHI-YDR-NSN-YNI-RHI-RHV-LSI-RHI-CNM-RLK-SSN-XXX
925,NSQ-SSV-THI-SNT-TNI-YAA-SSN-SIR-LYI-SNN-CSI-SYI-YSI-SYI-SSN-RNI-LDI-CSI-SYI-SYV-SYI-YDR-XXX-XXX
926,NSK-SAI-RNI-THI-YNA-SSN-RSI-RSI-SSN-LDI-SYN-IYK-YNR-YSN
927,NSK-SAI-SNT-CYI-RSM-CSR-RNN-NNI-RSI-CSR-SFI-SSN-CRI-SSI-YNR-XXX
928,NSK-SSI-THI-RNI-CHI-THI-GHI-YDR-SSN-YNI-RHI-LSI-RLI-CSM-RLK-SSN-XXX
929,XXX-XXX-XXX-SYI-SYI-NSQ-SSV-SSI-NYV-NSQ-SHI-RNV-CNI-SSY-SHI-RNI-SSY-LLV-SYV-XXX
930,NSQ-SSV-THI-SNT-TNI-YAA-SSN-SIR-LYI-SNN-CSI-SYI-YSI-SYI-SSN-RNI-LDI-CSI-SYI-SYV-SYI-YDR-XXX
931,NHK-SSI-CNL-SNI-YAK-RSN-YNI-SSI-CNL-CSK-RDI-HSR-RSV-SSY-XXX
932,XXX-XXX-SNI-HYR-RYR-SNK
933,XXX-XXX-YHK-CNI-YSK-CTI-RHM-YHR-YSL-CYI-YSM-HTK
934,YHR-YYR-RHR-RTR-RTR-YLR-QHK-YHR-QHK-YQR-HNR-QHK-XXX-YQR-QNS-QHK-RNR-QHK-CNR-XXX-XXX
935,XXX-CTI-SAI-XXX-XXX-CYI-SQK-SHT-XXX-HLR-XXX
936,XXX-SKV-DNT-QHS-RDQ-RHK-XXX
937,VSN-SSK-XXX-NDE-IAL
938,DST-NSW-DLK-SAY-HEY-GTC-TLK
939,GVV-QNR-RAG-QTE-DMI-DES
940,LGI-HSS-SYS-HSR
941,XXX-XXX-XXX-QHI-STV-HHV-SER-QTM-SHM-QTM-SQA-RHI-STV
942,HHV-SER-XXX-XXX-RHI-STV-HHV-SER-XXX-SQI-SHI-CSM-SQA-ETR-SQR-RHI-YTV-NYV-SQR-CSM-SQK-ETR-XXX-YYV-XXX-XXX
943,DRQ-DHR-RRY-XXX-SYK
944,GVV-QNR-RAG-QSE-DMI-DES
945,SFQ-FNV-QKR-NNV-QKR-VTK
946,RQR-RHY-XXX-QHY-XXX-XXX-XXX-THV-XXX-XXX
947,YRQ-SSV-SSN-YVQ-NGV-NGV-TTN-YLQ-NGV-YGV-YLQ-NGV-SSN-YAQ-NGV-SSN-TTN-YLQ-NSV-SSN-STS-YLQ-NGV-SSN-XXX-INK
948,QHE-HSA-STK-QTV-CKR-QSE-RTE-QSE-CNR-QFE-YNR
949,HSK-QSQ-FSG-GSN-QSQ-SRR-YAI-QAQ-WRI-SAT-QAQ-QST-QSN
950,KTK-QHH-VSY-RHH-CHK-QSQ-VSE-DSR-DAQ-DAQ-RHQ-QNQ
951,QSK-ESV-QNV-KSQ-QNV-QHV-KTL-QYE-KSQ-GSV-QYE-KSV-RNR
952,HSK-QAQ-HSK-RGL-SSY-QSQ-SRR-STI-QAQ-CSN-QAQ-QSA-QSN
953,NSK-QAQ-LSK-RGI-SSY-QSQ-SRR-STI-QAQ-CSN-QAQ-QSA-HSN
954,XXX-XXX-RNI-NDK-HSK
955,FHE-TNI-QSW-KSA
956,YVR-RDA-HLL-HAL-XXX-SGN-KTR-ETR-ETR-QDV-DDK-CNV-VKL-HSQ
957,KHQ-KHA-LFV-QST-LYV-QHA-QST-LHR-XXX-XXX
958,DNR-HNL-VNV-RDI-IGV-QNT-VYI
959,TEK-XXX-XXX-RHR-HSI-CDV-SHI-RNV-RHM-QSR-HSV-SHV-QYR-HSV
960,FEI-HSK-CSK-CYI-CSK-CSK-SST-FVR-SSN-XXX-AST-XXX
961,XXX-DDG-LHS-RHR-QDR
962,KSA-HSA-QHI-QHI-HSN-QHQ-QYR-HTQ-QNQ-QHQ-QNQ-YSQ-QCQ-QNQ
963,YVR-HNK-ESV-RHQ-HAK-HSK-QHQ-RNK-HAQ-SSR
964,XXX-QDP-HDV-DTQ-XXX-XXX-RHV-XXX
965,RQF-RDK-DGH-QNR-WSK
966,XXX-TSR-LYK-TNT-TKK-TAR
967,YNS-RNT-HTS-HQL
968,QHQ-TSR-QHH-QAL-VQQ-HGR-QER-QER-GER-RHV-DEL-QQI-RHR
969,XXX-WKV-XXX-XXX-CTV-XGE-XXX-WSV-XXX-XSV
970,XXX-WKA-XXX-RNV-QSI-RNV-QSV-QDN-QDN-HYI-XXX-XXX
971,XXX-WKA-XXX-HSD-KDG-QGR-QNV-HSV-RDR-HSG-QSR-CSR-QNV-RSN-QNV-QNV-RSD-QNV-QNV-SNV-XSV-XXX-XXX-XXX-XXX-CNS-XXX
972,HTI-HTI-HTI
973,SQA-DTQ-QTR-RRE-QNS
974,DHR-DHR-RRY-XXX-XXX
975,TYK-XXX-KSE-XXX-RSV-YQS-MYE-SNR-XXX
976,KLA-RER-RHK
977,KHA-RER-RHK
978,SVV-QNR-RAG-XXX-DMI-DES
979,CNT-LNI-SSN-RHD-WSS-HSA-KNA-QSV-WGS-QYM-XXX
980,QSG-XXX-AAQ-ESK
981,XXX-XXX-RYI-CQR-RHI-CHI-YGS-SSY-QII-CSS-YGS-CSN-YYI-CSN-YYI-CGN-NNI-YYI-YNN-CSN-YYI-CSK-XXX-XXX-XXX
982,XXX-QDK-FSV-YTV-QDK-FYV-FSV-FSV-QGT-RTR
983,XXX-XXX-YTV-SHS-RYR-YSV-DYV-GRM-YTV-CHN-QDR-YTV-DYA-QNR-DTV-DYV-DYV-QDT-RTT
984,XXX-RHM-XXX-XXX-HDR-SQI-XXX-YYV-SSK-XXX
985,XXX-XXX-XXX-SGY-QSY-QSC-LGC-SGY-QSY-QHY-QSC-QHY-QHR-XYC-GRY-XXX-XXX-CSI
986,XXX-XXX-KHR-THY-RHC-SGY-RHC-GNC-QHH-CYC-HNH-RYC-RYC-QHC-LSC-RLF-RLF-VNR-QNC-QHC-XXX-XXX
987,XXX-KNC-XXX-KNC-QSS-LSY-KNC-QSR-QHH-QHY-QYY-QHR-XXX-GCY-XXX-XXX
988,XXX-XXX-KNY-SGY-RHR-GVS-QNC-GVS-RHC-GVS-RHC-GVS-RHC-NGY-QHR-NGY-QHC-GHY-GCY-CSI
989,XXX-KHC-QSR-RSC-QHS-ENR-GVS-GCY-XXX-XXX
990,XXX-KHG-RHC-GGY-GNC-QLC-RYR-RHC-GGY-RHH-HNH-QNC-GNC-QLC-RYR-HNR-QSC-GNC-QNH-RHC-XXX-GHY-XXX-XXX
991,XXX-XXX-KHR-THY-RHH-HNH-QSC-RYC-QHC-CNR-HNH-LSC-RLF-RHY-GNR-GNC-QNH-RHC-XXX-GHY-XXX-XXX
992,XXX-SGY-QIR-RDF-RHC-ISR-EHR-LSR-QHC-RHC-QNC-QNC-QSC-QSY-QHC-HHY-RRC-XXX-GCY-XXX-XXX-CSI
993,XXX-XXX-KHC-XXX-RSC-QHS-QNR-SGS-GCY-QSY-GGY-RRC-GCY-XXX-XXX-CSI
994,XXX-XXX-KLR-QSC-QSC-KHC-QSC-RDC-GHY-SVY-QSC-QLH-GCY-XXX
995,XXX-XXX-KHR-QSR-SGY-QHY-QHY-HSR-RSC-QHY-HSR-RSR-XYC-GHY-GCY-XXX-XXX
996,XXX-SGY-QIR-RDF-RQC-QIR-EHC-ISR-QHR-QIR-CDF-QHC-EHC
997,ISR-QSC-QSY-QHC-HHY-RRC-XXX-GCY-XXX-XXX-CSI
998,XXX-XXX-KHR-KSR-QSS-GVS-QSR-QYY-QSR-QYY-QYH-QSC-QSR-QHY-YSC-RHR-QYY-QHH-QSR-QSR-YSC-QYY-QHH-XXX-GHY-GCY-XXX-XXX
999,XXX-XXX-SGY-QNR-QSL-RTS-SGY-QNY-SVY-SVY-QSR
1000,SVY-SGY-XXX-GCY-XXX
1001,XXX-XXX-KHH-XXX-SGY-XXX-DHC-QSC-YNY-XHC-SGH-RYC-XXX-XXX-XXX-CST
1002,XXX-SGY-QIR-RDF-RHC-QYY-TYY-QSY-RDC-XXX
1003,XXX-XXX-XXX-QSR-QSL-GVS-KHC-XXX-SGY-NGY-LSR-QSC-QSC-QSC-QYY-GVS-KHC-SGY-SGY-LSR-QHC-QSR-SGY-GCY-XXX
1004,XXX-XXX-KSR-QSS-GVS-XSR-QYY-QSR-QYY-QYH-QSC-QSR-QHY-YSC-RHR-QYY-QHH-QSR-XXX-HSC-RQR-QYY-QHH-XXX-GHY-GCY-XXX-XXX
1005,XXX-KHR-XXX-SGY-RYC-QNC-LSF-RYR-SGY-DIY-QNY-RLF-QSC-RLF-RHH-SGC-RNH-QSR-RYC-QHC-XXX-GHY-XXX
1006,XXX-XXX-XXX-QSR-QSS-GVS-KHC-NGR-QYC-QSS-RSR-QSS-RSR-QSS-SGY-GCY-XXX-CST
1007,XXX-XXX-KHR-KLR-QHC-QSC-KHC-QLR-QSC-RCY-GHY-IVY-RSC-GNR
1008,XXX-KHR-LSC-RHH-QHC-XXX-GHY
1009,RHY-QSC-LSR-EHR-LSR-QHR-RHC-XXX-QNC-VSC-QSY-GCY-XXX-CSI
1010,XXX-XXX-XXX-QHY-FYC-GHY-GCY-XXX
1011,XXX-QHR-QLR-HSC-GHC-LSC-QSC-QHY-RHC-GHY-XXX-XXX-XXX
1012,XXX-QSC-LSR-RHC-LSR-LSC-QHR-RHC-QNC-RHC-QNC-LSC-VSC-VSC-VSY-RHC-XXX-RHC-GCY-XXX-XXX-CSI
1013,XXX-KHR-LSC-RHH-QHC-XXX-GHY
1014,XXX-XXX-XXX-KLR-QSC-QHC-QSC-KHC-GVR-QLR-QSC-RCY-GHY-IVY-RSC-QLQ-GNR
1015,XXX-KNY-SGY-RHR-GVS-RHC-NGY-XXX-XXX-XXX-QSC-RCY-GHY-RSC-QHR-SGY-RHC-GHY-GCY-XXX
1016,XXX-XXX-KHR-THY-RHC-SGY-GNC-QHC-CYC-HNH-QSC-RYC-LTC-LTC-RLF-RLF-GNR-QHH-QSR-CYC-QHC-XXX-GHY-XXX-XXX
1017,XXX-KHC-QSR-SGY-KHC-QSR-QYC-SGY-QYY-KHC-GHY-GCY-XXX-CSI
1018,XXX-KHC-QSR-XXX-KHC-QSR-QYC-SGY-QSY-GGY-XXX-GCY-XXX-XXX-CSI
1019,XXX-SGY-RHC-ISR-RDF-RHC-QIR-RDF-RHC-ISR-EHC-QNC-QNC-QSC-QSY-QHC-XXX-RRC-XXX-GCY-XXX-XXX
1020,XXX-KHR-XXX-SGY-CYC-QNC-LSF-XXX-SGY-DIY-QNY-RLF-LSC-RLF-RHH-SGC-RNH-QSR-RYC-QHC-XXX-GHY-XXX-XXX
1021,XXX-IHY-QTR-RSC-LSR-LSC-QHR-CHC-QNC-LSC-QNC-NHY-LSC-QNC-HHY-QHC-HHY-XXX-GCY-XXX-XXX
1022,XXX-XXX-KHR-THY-RHC-RHH-GNC-QHC-CYC-HNH-QSC-RYC-QHC-LTC-RLI-RLI-RYF-RHH-GNR-QNH-XXX-CYC-QHC-XXX-GHY-XXX-XXX
1023,XXX-SGW-RSC-RSC-HHC-RYY-IYY-SGC-QTY-ESS-QSR-ESR-ESR-CDC-ESR-CDC-QHC-SGY-QHC-SGH-RYC-XXX-GCY-XXX-CSI
1024,XXX-XXX-KHR-THY-RHC-RYC-QHC-ENR-HNH-LSC-RLF-RHY-GNR-HNH-LSC-RLF-RHY-GNR-GNC-QNH-QHR-RHC-XXX-GHY-XXX
1025,XXX-KHC-QSR-QYC-SGY-QYY-IHC-GHY-GCY-XXX-CSI
1026,XXX-KHC-QSR-XXX-KHC-QSR-QYC-SGY-QSY-GGY-RRC-GCY-XXX-XXX-CSI
1027,XXX-SGY-RDF-RHC-ISR-EHC-QNC-QNC-EHY-LSR-QIR-RDF-RHC-ISR-EHC-QNC-QNC-QSC-QSY-QHC-HHY-RRC-XXX-GCY-XXX-XXX-XXX
1028,XXX-KHR-XXX-SGY-RYC-QNC-LSF-RYR-SGY-DIY-QNY-RLF-LSC-RLF-RHH-SGC-RNH-RYC-QHC
1029,XXX-KHR-XXX-SGY-CYC-QNC-LSF-SYR-SGY-DIY-QNY-RLF-LSC-RLF-RHH-SGC-RNH-QSR-RYC-QHC-XXX-GHY-XXX-XXX
1030,XXX-IHY-QTR-RSC-LSC-QHR-CHC-QNC-LSC-XXX-NHY-LSC-QNC-XXX-HHY-QHC-HHY-XXX-GCY-XXX-XXX-CSI
1031,XXX-XXX-KHR-THY-RHC-SGY-RHH-GNC-QHC-CYC-HNH-QSC-RYC-QHC-LTC-RLF-RLF-RYF-RHH-GNR-QHH-QSR-CYC-QHC-XXX-GHY-XXX-XXX
1032,XXX-SGC-RSC-QSC-HHC-RYY-QSC-SGC-QTY-QSR-ESR-CDC-QHC-SGY-QHC-SGH-RYC-XXX-GCY-XXX-CSI
1033,KHA-RER-RHK
1034,CNS-RYK-SIK-SGR
1035,HNE-XXX-QNT-SNE-XXX-QSG-QTL-QHR
1036,XXX-QHE-RQL-RDR-NQQ-LDS
1037,WHY-VRV-TNN-ESK-QSV
1038,SFQ-FNV-QKR-NNV-QKR-VTK
1039,DAK-EKR-LNT-QNS
1040,SAL-CTR-YNR-QDR
1041,YSK-QSK-HIQ-QSK-QTQ-QSK-CSK-HNQ-QNK
1042,KHA-RER-RHK
1043,KHA-RER-RHK
1044,QRE-WVR-QAQ-QGH-RTQ-YST-QSE-XXX-QEE-XXX
1045,QGK-GAI-HDK-QSE-RHR-RSE-RYQ
1046,QVQ-XXX-QGR-SLN
1047,RHR-QGE-RHR-RLH-LDR-LHQ-QGQ
1048,QGK-GAI-HNK-QSE-RHR-RSE-RYQ
1049,QGQ-XTV-VAK-XXX-XXX-XXX
1050,QGR-YAS-QGL-QGL-HHG-RHG-QGE-GGQ-QSR
1051,YAR-RNN-ESQ-QHQ-QHE-RHQ-GTR-QNQ-YSQ-YSQ-YNQ-RSK-YSQ-QHQ-HSQ-QRQ-GHE-XXX-CAK
1052,QDS-HAG-QDV-RNR-GDS-HAV-QDV-RNR-XXX-XXX
1053,SSR-CET-TGR-MSL-FVA-DAR-VNR-HAI-ANH-WSR-TNR-FTR-SDR-LSR
1054,KVK-TNK-KMK
1055,QSV-YSS-QDL-RSQ-LRT-QTR-QNR-FLR-QNG-KMR-FLR-QNG-QNR-KSR-FLR-QNG-FLR
1056,XXX-RQT-XXX-XXX-DYK-WGP-XXX-XXX-XXX-ENA-XXX-RAK-XXX
1057,NNR-RSQ-XXX-CNQ-NRR-QYM-HTV-LRT
1058,QIR-HIT-QSI-RRM
1059,EHR-QNI-QHN-ENA-QNI-ERT-QYI-XXX-KHT-XXX-XXX-XXX
1060,XXX-QWR-QDM-RMV-XXX-XXX-XXX-QHS-QHS-XXX-XXX
1061,KHR-XXX-KHS-QNT-QTT-ESR-HHI-ILN-QST-QTT-KTS-QTT-KNS-QTS-QNT-HHI-EHK-QTT-KTT-QTT-QNI-XXX-XXX-XXX
1062,XXX-KHS-ENK-QNT-ESR-QHI-EHN-MHK-EYK-QTT-EHK-ESR-HHI-QTT-ESR-EHI-EHK-QTT-XXX-XXX-XXX
1063,QRR-ENK-QSK-QDK-QSI-RTI-QNL-QNS-KIS-GDR-RNK
1064,YTM-XXX-XXX-HTM-RST-XXX-QIN-XXX-QNI-XXX-KHK
1065,XXX-QRR-QHS-QNR-CYK
1066,KHR-FHT-KHS-ENS-EHK-QTT-QNT-RTS-ESN-HHI-HHI-QST-QTT-QTS-KTS-EHK-QTT-EHK-QTT-QTT-QNS-MNN-XXX-XXX
1067,KHR-FHT-KHS-ENT-EHK-QTT-QNT-QTT-ESR-HHI-IPN-EHN-QST-QTT-KTS-QTA-ENK-QTT-RTT-QNT-MNN-QNI-XXX-XXX
1068,KHR-FHT-KHS-ENT-QTT-ESK-INK-KTT-QNI-QHI-XXX
1069,XXX-NHR-YSM-NGR-QNM-YSM-RGL-QHM-CHR
1070,THR-QSA-XXX-XXX-QHI-EST-QHI-KCN-XXX
1071,MCR-QNT-QTT-EST-QHI-NNT-QTN-RTT-QHI-QHI-NTT-RTT-QSK-QTT-XXX
1072,MCR-THR-QHI-KHN-QNI-QHI-QST-QHI-KCN-QNI-XXX
1073,KHR-XXX-KHS-ENT-EHK-QTT-QHT-QTT-ESR-QTT-QNT-MNN-XXX-XXX
1074,RLN-HSI-HSI-TST-RCT-QTT-VST-QQN-RNI-QTT-RTV-HNS
1075,THR-QST-QHI-KHN-QNI-QNI-QST-QHF-TCN-EHT-QNI-QHI
1076,QRR-ENK-QSK-QDK-QSI-RTI-QNS-QNS-KIS-GDR-RNK
1077,XXX-QTK-QDT-QAY-QAY-QDK-QHI-QNS-QHS-QNS-QSR-CHK
1078,XXX-LSR-HNT-QNN-ESK-HSI-HIN-RHN-HTT-ESS-HNI-YNI-HNT-RHN-QST-CHT-XXX-XXX-QNI-XXX
1079,RYN-RQR-RHY-WHI-IHR-QHY-XXX-RQR-ETY-XXX-XXX-XXX-YYP-THV-SHI
1080,NYV-QSQ-DAQ-QHR-QNG
1081,XXX-RLC-SGY-SGY-SNY-RDC-CGY-SSY-SGY-SGY-SNY-RDC-CGY-SSY-RYH-RLC-CGY-CSY-THC-XXX-YSR
1082,THC-SNY-THC-THC-SSY-XXX-RDY-CSY-RDY-CGN-THC-THC-THC-XXX-YSR
1083,FHC-DES-XXX-CYQ
1084,XXX-HSI-NSS-HDI
1085,XXX-SSY-RHR-RYC-RHC-CSY-THC-RPC-AHC-CSY-THC-CSY-THC-RHH-RHC-RHH-XXX-CGY-THC
1086,XXX-RHC-SCY-SNY-THC-SNY-THC-THC-SNY-THC-RDY-CSY-RDY-CGN-THC-THC-THC-RHI-THC-XXX-YSR-XXX
1087,XXX-HSI-NSS-HDI
1088,XXX-SSY-RHR-SNY-RDC-CGN-RHC-RHH-RHC-RHH
1089,CSY-CGY-THC-XXX-XXX-XXX
1090,RHC-SNY-RDY-CGY-CGS-THC-THC-CGH-KHC-THC-THC-XXX-YSR-XXX
1091,XXX-RHY-XXX-RHR-XXX-CSY-TDC-CSY-YIY-RHR-THC-CSY-KTR-THC-KTR-CSV-XXX-XXX-YSR-XXX
1092,XXX-RHC-SCY-SNY-RDY-CGY-RDY-CGY-CGY-SGY-THC-THC-CGH-RYH-KHC-CSY-THC-THC-XXX-THC-XXX-XXX-YSR-XXX
1093,XXX-SSY-THR-RDC-CSY-SSY-SSY-XXX-RDC-SSY
1094,SSY-THR-RDC-ATR-CSY-CSY-RTF-RSY-CGY-THY-XXX-YSR-XXX
1095,XXX-SSY-XXX-GHC-RDC-ATR-RNR-CSY-CRY-HSY-CGY-RYC-XXX-XXX-YSR-XXX
1096,FHY-DES-XXX-CYQ-XXX
1097,XXX-DSS-QNS-QNV-HDI-NSN-XXX-XXX
1098,RHC-SCY-SNY-RDY-CGY-RDY-CGY-SGY-THC-THC-RHI-THC
1099,RHC-SCY-SNY-RDY-CGY-RDY-CGY-CGY-SGY-THC-THC-CGH-RYH-KHC-CSY-THC-THC-RHI-THC-XXX-XXX-YSR
1100,RHY-XXX-RHR-TDC-XXX-TDC-CSY-YTY-RHR-CSY-RHC-KTR-CSV-XXX-XXX-YSR-XXX
1101,XXX-XXX-SSY-CSY-RYH-CSY-RYH-RHR-CSY-RHR-CGY-THY-THC-CSV-YHV
1102,CYR-RHC-SSY-CSF-RYH-RHG-CSY-RYH-RHC-RHC-SHR-CSY-CGY-THC-XXX
1103,XXX-HSI-NSS-HDI
1104,FHC-DES-XXX-SYQ
1105,THC-CSV-XXX-XXX-YSR-XXX
1106,XXX-SSY-RHR-GHC-CNY-RDC-RNC-CSY-CSY-CRY-HSY-CSY-CGY-HSY-CSY-CGY
1107,SSY-RHR-CGY-RDC-RNC-CGY-RHC-SSY-GGY-THC-RHH-RHC-CSY-THC-XXX-XXX-XXX
1108,XXX-HSI-NSS-HDI
1109,XXX-FHC-DES-XXX-SYQ-XXX
1110,SSY-RHR-GHC-CNY-RDC-ATR-RNC-CSY-CSY-CRY-HSY-CSY-CGY-HSY-CSY-CGY-THC-CSV-XXX
1111,FHC-DES-XXX-SYQ
1112,XXX-CSY-RYR-RYI-THC-THC-TSC-RYI-RSI-TYC-XXX-XXX-CSR-XXX
1113,RRC-CSY-THC-THC-SNY-RTF-HSN-CGY-YHV-XXX-XXX-XXX
1114,XXX-DSS-QNS-QNV-HDI-NSN-XXX-LST-XXX
1115,XXX-SSY-THR-SNY-RSY-CGY-THC-SNY-RTF-CGY-CSY-AAR-CSY-RYH-CSY-CSY-XXX-RYC-XXX-YSR
1116,FHC-DES-XXX-CYQ
1117,XXX-RHC-SSY-CSY-RYH-CSY-RYH-RHR-CSY-RHR-CGY-THY-THC-YHV-YSR
1118,SSY-THR-SNY-RDC-ATR-RSY-CSY-IHC-RSY-CSY-IHC-RSY-CSY-THC-RTF-SSY-THC-RSY-CSY-THC-RTF-SSY-CGY-CSY-CGY-THY-XXX-YSR-XXX
1119,VTK-CSQ-XXX-NAR-FSQ-CHQ-CSQ-NAQ-NAR-FSQ-CHQ-CYK-CYY-SYN-NSV-CYY-KCL-CYK-ITQ-NAK-NSR
1120,RVQ-GIK-CNQ-CYK-CNY-ITN-NNQ-YHQ-CYK-FYK-NGV-VSK-VTK-YPQ-SNY-NNR
1121,KVQ-LIN-MTN-MTN-SDK-NAR-RHR-YDR-SDQ
1122,XXX-YRK-SSQ-YLK-SSE-YRK-SSV-YVD-SSV-YIN-SSL-YIN-YRK-TSQ-FLK-SSE-YRK-SSV-YVD-TSI-NVD-XXX
1123,STI-TSI-YMQ-FFQ-YAI-SCK-NAI-SCR-SCT-SSR-CGD-YSK-SCQ
1124,STI-TSI-YMQ-FFQ-YAI-SCR-SSR-CSE-YSR-SCR-NSR
1125,HVN-FLA-VLV-XXX-YRN-DKQ-YIK-YLQ-YRR-YIK-YRN-FSK-SRK-FLV-CTV-CTV-AKH-YRK-FLI-NRN-YLK-XXX-XXX-XXX-TVN
1126,HVN-FLA-YRD-YRN-DKQ-YIK-YIK-YLQ-YKR-YRK-YRN-FSK-XXX-CIV-IKH-YRK-FLI-YLK
1127,AGN-FLE-XXX-TFK-YRK-SSE-YLK-YRN-VSE-CLN-TLI-YRN-YIK-YRN-YLK-YRN-FSE-YLK-YRK
1128,GVN-FLQ-VKQ-YRH-SSQ-FLK-SSE-YRK-XXX-XXX
1129,STI-XXX-YMQ-FFQ-YAI-SYR-SSR-CSE-YSK-SCR-NSR
1130,XXX-TSI-YMQ-FFQ-XXX-SCK-NAI-SCR-SCR-SSR-CSE-YSK-SCQ
1131,STI-ASI-YMQ-XXX-VSQ-NRR-HNN
1132,SSI-RDH-HYK-YMQ-XXX-YYE-RKE-SSR-SRE-YFR-XXX-SHE-XXX
1133,SSI-RHH-HYK-YMQ-XXX-YYE-RKE-SSR-SRE-YFR-SSR-XXX-TTE
1134,NNE-IKT-SNE-TTR-YLV-CLK-YLR-SFR-SHY-TYW-SDK-NAA-RSQ-RSR
1135,AAI-TAI-FLQ-LFQ-YTQ-RYQ-YNG-TDK-TYR-YIE-TEK-TYR-YLE-TGK-TYL-XXX
1136,XXX-SCQ-CHE-XXX-TSQ-CNQ-TQK-TYQ-YVE-TGR-TYH-YRE-TYQ-YIE-TGR-TYQ-YRE-TGK-YRE-TYQ-YIE-TGR-TYQ-YRE-AET-XXX
1137,ILK-HRR-FLV-YIK-IFK-YRN-ILK-YRT-SSK-VLK-YRT-FSK-FSA-YLK-VKH-YLK-YRS-SSK-ILK-YRK-ILV-YFK-VSK-FSK-FLK-YLK-YKN-FSE-SLK-YRK-XXX-LGQ
1138,XXX-XXX-ILK-HRR-FLV-YIK-IFK-YRN-ILK-YRT-SSK-XXX-VLK-YRN-FSK-SSK-YLK-VKH-ILK-FLI-YLK-VSK-FSK-FIK-YLK-YKN-FSK-YLK-YLK-YRK-QGQ-TEK
1139,XXX-ILK-HRR-FLV-YIK-IFK-YRN-ILK-YRN-SSK-XXX-VLK-YRN-FSK-SSK-YLK-VKH-YRN-ILK-YRT-SSK-ILK-XXX-YLK-VSK-FSK-FVK-XXX-YLK-YRK-XXX-XXX-QGQ-TEK
1140,XXX-XXX-ILK-YKR-FLV-NFK-YRN-FSK-YSK-YLE-FQK-XXX-QGQ-TEK
1141,ILK-HRR-FIE
1142,RVQ-YSQ-CYK-NGV-VTN-VLK-CSQ-CYK-CNY-IRK-NNQ-YSQ-SNN-DSR
1143,TSI-XXX-XXX-YLQ-NAR-XXX-XXX-TSQ-CKR-XXX-TTR-KLE-CYV-NSQ-XXX
1144,WLQ-YTQ-YSQ-CYK-NGV-ATK-VTK-GIK-CSQ-CYK-CSQ-FYK-CKY-ISK-NTR-CGQ-NDX
1145,RVQ-YSQ-CYK-NGV-VTK-VTK-VIK-CSQ-CYK-CNY-ITK-NNQ-YSQ-SNH-NGR-XXX
1146,XXX-CSP-CHK-WSQ-XXX-CYY-MYR-NAQ-NSH-SHY-NAQ-NAQ-CNQ-GIS
1147,RCY-RKR-SHY-XXX-XXX
1148,RHI-CRR-RHR-QNY-FSY-FSK-HRY-FSK-QSY-CSK-HSY-XXX-XXX-XXX
1149,XXX-QSY-CSY-RQK-HNY-VSY-FSY-HNN-RQT-LNK-QSY-WSI-HSY-HNY-SHV-XXX-XXX
1150,XXX-QRY-HSY-ESY-WSI-HSS-HSC-SHV-XXX
1151,XXX-QTY-HSY-QSY-WSI-HSC-HNC-RHV-XXX-XXX
1152,XXX-QNY-HSY-ESY-WSI-HSC-HNY-SHL-XXX-XXX
1153,QSY-CSY-SQK-NNR-NNC-WTK-QTY-WSM-WSM-WSI-GGS-HNY-SHV-XXX-XXX
1154,XXX-XXX-CNY-HNY-RNC-WTK-ESY-WSI-HSS-HNY-SHI-XXX-XXX
1155,QAT-QAT-QAT-QAT
1156,SNT-QHT-QHR-YEA-TQR-YQN-QHQ-LNR-QTA-LNR
1157,LHE-RAQ-HHE-QER
1158,QTR-RTT-QNF-RDK
1159,FIL-QLS-TER-QEH-QFG-EFN-SHV-QSY-ALL
1160,SAI-TNV-CAL-TNA-NTQ-TAE-DTK
1161,RTG-YTV-TNI-INI-LNL-SKL-SAQ-GAF-QIV-QTI-NIT-SLT-GAS
1162,RER-RHT-RER
1163,KHA-RER-RHL
1164,XXX-XXX-RNI-NDK-HSK
1165,KNI-XXX-QTV-QNT-RDR
1166,KHA-RER-RHK
1167,NAM-SNQ-TEQ-XXX-XXX-XXX
1168,XXX-DVF-DSE-DML-DDT
1169,NET-FSA-INV-SHV-DNK-NDR-KAL-SRS-TCR-DKA-ELS-XXX-SNA-STS-QQR-ISR-TER
1170,HDR-HDK-CNK-YCR
1171,XXX-XXX-XXX-QNR-WVE-XXX-QQQ
1172,QLE-HSE-HDR-QLR-RSR-HDE-RKQ-QNQ-LYR-QHE-QKL-QNQ
1173,CRA-WNR-LRQ-QNR-TNH-WGI-HFR
1174,TNR-SAM-RLG-DNA-XXX
1175,YDR-HNL-LYL-RSQ-QQQ-RSQ-QSL-FHE-RTQ-QQL-RAQ
1176,WRQ-SRR-LVQ-LKQ-QSH-QQR-QTQ-WRQ-CRR-QHQ-QSY-MQS-QTQ-RYE-WYI-QKQ
1177,RHQ-QVK-VDQ-QHQ-HVS-VTQ-DVQ-HTN-QHQ-ASQ-LTV-QVQ-QHQ
1178,XXX-XXX-XXX-RNK-QHK-RNT-XXX-RNL-RNH-XXX-QVQ-XKK
1179,WHR-RHR-CHS-RHR-RHR
1180,KHA-RER-RHK
1181,KHA-RER-RHK
1182,NNR-QHR-CNR-HNR-RHI-QHR-HNR-HNR-RRS
1183,WER-RTL-QNQ
1184,DYL-HNT-QHR-WGE-CES-FES-VQT
1185,LDD-RNI-NDK-DSK
1186,TGK-SAM-RLG-DNA-XXX
1187,SQA-DTQ-QTR-RRE-QNS
1188,QHR-CSV-RGL-QCT
1189,ESR-YNS-RNT-HTS-HQL
1190,THR-QLR-QHR
1191,ANK-LYK-QSV-HLR-QQD
1192,RAM-KSI-TSE-RGK-XXX-WDS-ELR-QER-DSR-DTK
1193,NLK-RFM-DHD-LQQ-DLE
1194,NNR-RSQ-TNK-RVD-RVD-LTA-SNR-RME-QNK-ETT-TMK-TSR
1195,SGR-TKT-FQQ-SSR-XXX-TRS-TSS
1196,XXX-XXX-XXX-FTV-ADR-YTV-SQI-YTV-SLK-SQS-YYV-SQS-YSG
1197,RNV-ADR-YTV-XXX-SQI-YSV-RIV-ADR-YTV-SQS-HNE-XXX
1198,XXX-QTI-QNI-YHV-AGR-YYV-SQI-YTV-SQS-YYV-SQI-YTL-YYV-YTI-SGI-YYV-SQS-XXX-XXX
1199,XXX-XXX-QHM-YTL-SHR-XXX-XXX-SQI-XXX-YYV-XXX-XXX
1200,SFQ-XXX-QHQ-QDK-QDK-QVK-QVK-AVQ-ANQ-AVQ-AVQ-QNK-QDQ
1201,CYT-CYI-QHR-HHM-CYI-RYT-RGT-CYE-CTK-QYA-HHI-CYK-XXX
1202,SNI-HSI-QHC-YTI-CYI-YTI-YTV-YTI-CYT-QHC-CYI-RNT-CYI-CSI-CYI-YTV-CNI-QHR-GTN-QHC-CTV-CYI-CTN
1203,RND-HTI-YTI-YTI-CNN-QYC-RTR-CYI-CYI-CNI-CNI-QPR-RTI-GTN-XXX-XXX-QHR-RTI-GTN-XXX-CTI-RQT
1204,RND-HTI-YTI-YTI-CNN-QYC-HTR-CYI-CSI-CYI-CNI-QPR-RTI-GTN-XXX-XXX-QPR-RTI-GTN-XXX-CTI-RQT
1205,GNI-CTN-QHC-RNR-CYI-CTV-CYI-CTK-QHC-GYI-GTN-QNC-CYI-FTV-CYI-CTN-RQT
1206,GNI-HTI-QHC-YTI-CYI-YTI-YTI-YTI-CNK-QHC-CSI-GNR-CYI-CSI-CYI-YTV-CYM-QHC-RTI-GTN
1207,RND-WTK-FTK-YTV-CYI-YYI-CNR-HHC-SYS-CTI-XXX-XXX-XXX-CYI-RQT
1208,EHG-MDA-LHV-TQI-LRV-TRI-EQG-MII-KWV-HDT-TWA-HTK
1209,YSY-RYV-QHS-VNH-QSI-SNT-QHN-VST-QHS-QNR-VSA-QSI-SNT-QHN-VST-QHS-VST-RNS
1210,XXX-QHI-VTK-QAS-HSR-XXX-TTT-QHR-XXX-QNK-RYI-QNT
1211,TNV-QTT-YSV-ITK-QNT-QSK-ETT-SNT-YSI-LST-QNT-YSS-ETK-WST-QTR-YSR-YSR-XXX-YSR-XXX-KTE-XXX
1212,ESE-YAS-YGR-QHS-HFR-IHT-XXX-LSR-HSR-RTV-QQT-TIA-QHR
1213,TSV-QHI-QAS-HNT-QHK-HSW-EHR-TTT-HHR-ETE-QYN-TTI-NYT-STA-QHT-RHE-QNR-HNT-RYA-XXX
1214,TSV-QNT-QAS-HSR-QHS-YSR-EHR-VTT-KHR-ETA-QNI-KTI-QHT-RYA-QNR-XXX
1215,TSI-XXX-XXX-HSW-EHR-XXX-KNQ-XXX-WNV-TNV-WNT-RYD-WSR-QTD-WSR-WNT-RYV-WNR
1216,TNI-QTT-QAS-HSR-HLI-EQR-QHK-HLR-RIQ-QYT-TTI-ETT-RHR-ELK-CNK
1217,TSI-KNT-QAS-HSW-TTT-KHR-XXX-XHT-XXX-WHR-WSM-XXX-XXX-RTA-GHV-TTA-QTD-RYD-WSR
1218,TRK-RNI-QVS-HST-QHK-HSW-EHR-VAI-HNA-RYA
1219,TRK-QNI-QVS-HST-QHK-HSW-EHR-VTT-HHR-ETE
1220,QYS-TIT-QHT-RYA-RSI-QNR-HNA-RYA-HNR
1221,EHR-QST-QAS-HSR-QHR-KTA
1222,XXX-WHA-RRS-RRN-HGT-LTE-WGS-QRS-QAR-VHS-QKS-HAT-LRE-WNR-HSA-WNT-QLK
1223,XXX-WDT-FSE-RSA-MQK-YSE-WSA-MQK-QTI-KYV-QCS-HTR-KST-QHV-KST-HHI-TNR-XXX
1224,QHS-QQI-XXX-SDR-QQI-HGK
1225,KKQ-QRI-SRI-QNI-YGS-HDR-QRI-LDI-SRI-QNI-YGS-HDR-LDI-KSI-XXX-QSI-DCT-LRS-YSA-HDK-QNI-XXX
1226,QWK-QSI-QWK-QSI-QDR-YSS-HSI-QSV-YDK-XXX
1227,KKQ-YSI-FVI-RNI-FTI-RHI-YTN-RNI-HGI-HDR-RSS-QNI-NSI-XXX
1228,RDS-RDI-HGS-RNI-RDI-VDI-QNR-QIR-QDR-LEI-QSI-XXX
1229,KFK-QSI-QDR-QSA-QSI-LDR-FSS-HSI-QSI-YDK-XXX
1230,KWK-QSI-QWK-QSI-QDR-YSS-HSI-RSV-YDK-XXX
1231,KWK-QSI-QDR-YST-HSI-QSI-LSI-LDI-KRS-LHI-QSI-RHV-NCT-LRC-QSI-RSV-HDK-XXX-XXX
1232,QDK-YST-HSI-QDR-SNT-LSI-QDK-QSI-LSI-HSV-KRS-LND-RHV-RHV-NHT-ERI-RSV-LDK-XXX-HSI
1233,MSR-XXX-QXT-XHT-XXX
1234,KKQ-QST-FDI-QHI-QSI-HDS-HSS-HSI-HDN-HSI-YST-XXX
1235,XXX-LNI-NNT-QST-NDG-HSI-QNT-NDS-HSI-QNI-QSI-DDN-HSI
1236,QDS-QSR-HII-LEI-QQI-KST-LGI-KYI-HSS-SYS-HSR
1237,XXX-HKL-XXX-RHV-RHV-KNS-YAR-EKS-RHV-RHV-RHV-YAR-SFN-XXX
1238,HQQ-NGK-YQK-QQV-KNS-QSI-ASS-HSI-RSI-ESS-QQI-ESS-LLV-ESR-QSS-KQV-YAC-ESS-QDI-XXX-XHV-XXX
1239,KDI-QNR-HSI-RDS-TEN-QSI-QSF-LDV-KNR-HSI-NYS-HSI-HST
1240,HHL-HGR-CGK-TGI-QNM-QLT-GYS-RHI-QSI-KCI-RHT-QNI-RHT-XXX-SYI-SYM-QSI-SYI-QYI
1241,TSR-XXX-XXX-CGR-THN-SGR-QQT-VSI-QHR-VDM-QKK-VDT-RNR-QNT-XXX-RHR-QNT-QHT-GVK-XXX
1242,WDR-SDR-RYD-LYD-QHA
1243,WHT-RHQ-HTQ-RDT-QAT-QNA-HHA-RNR
1244,EHA-RIL-QHK-RSQ-RSR-QQI-QQS-RGR-QDR-QHR-NNR-RHR-RNR-RHR
1245,TSR-XXX-TTA-KLK-THG-ESR-XXX
1246,TDK-TIV-SNN-ESK-QTM
1247,HHE-EAQ-SAQ-SLE-TGS-TGS-TGS-NGS-NGS-NAS
1248,SYR-FYT-HST-HSI-TSI-RQK-CST-RSR-RSR-SDE-LQK-SST-WSR-YHV-THR
1249,SSR-FSV-HSR-RSR-RSR-TYV-LQK-RTI-SQR-CTS-SAK-HSY-SHK
1250,SSR-FSI-RST-DSF-SAK-CAT-SSY-SQI-FSY-SQI-SHR-WTS-SSR-SYI-SYS-YSR
1251,XXX-SLK-AYI-XXX-CFA-XXX-XXX
1252,XXX-XXX-DYI-AYS-FQK-YST-SNR-NSF-SSS-SSK-REV-SHR
1253,DSW-RQK-DTN-RQI-YAY-CYI-YGK-FSI-QSR-QDS-FSI-CYR
1254,YSN-RDI-HGS-CSR-HAI-RHN-QAN-ISD-VCK
1255,HQY-HYK-RHV-HAR-CSN-QAN-WCN-HTS-HHS-QAN-CYN-HAR-DYK
1256,XXX-SKR-SSR-GSR-STV-TSN-STI-ISR-GSR-ADR-RSI
1257,NDC-LFC-TSF-XXX-VVY-HCC-TSH-TSY-LSR-CER-XXX-XXX-SQR-LSD-QSR
1258,XXX-YAN-YAD-HQQ-RNK-SNN-RSK-RNR-IYN-LYK-HAK-FFI-XXX
1259,XXX-YAN-YAN-HQQ-RNK-SNN-CYK-RNK-SNN-LYK-HAK-FSI-XXX
1260,QTQ-XXX-QNQ-XXX-QHQ
1261,NHK-HAN-HHQ-RYK-DTN-RQI-YAI-CYK-QAN-FSI-CYQ
1262,NHS-YCK-QYM-XXX-XXX-RHN-SDS-RYN-TDS-LDK-TAS-TTS-SST-YNK
1263,THQ-THQ-THQ
1264,GKF-HNR-QTD-HAR
1265,DGR-DER-MCT
1266,XXX-CYR-YEV-WSS-HAI-CSI-XXX-XXX-XXX
1267,CSI-YAI-CSR-HSI-SRE-YSI-YSI-YTT-YSI-YSI-CHR-YNI-FSI-YDI-XXX
1268,XXX-CNI-XXX-YNI-ISE-YNI
1269,XXX-XXX-YHK-SNR-YSI-SNI-CHM-YSM-YHR-YSK-CTE
1270,CTI-CYI-CYV-CYM-CNK-YNK-CSI-RYI-YSK
1271,XXX-CTI-CYI-CYI-CYM-CNK-CTI-RYI-YSK-CTK
1272,TEK-RYQ-TNS
1273,DRK-THE-RDK-HHD-KDR
1274,XXX-XXX-RNY-RQT-RSY-RQT-RSY-RQT-QSY-RQT-YNY-VSH-FSY-HSY-RQN-VNK-QSY-ASI-HSY-XXX
1275,QTI-QTR-DQK-QTR-QHI-SNV-HHV-DQK-CSA-SQA-ETR-SQK-EQK-YEM-SQK-RHI-YTV-NYV-SQR-YHM-SQK-YYV-XXX-XXX
1276,FHD-RSA-HVG-RDL
1277,RSE-YQR-YHE-XXX-KSR-HHE-XXX
1278,RYH-HSR-RHI-SSG-FDK-ESN-TES-XXX-SNE-DTE-TSE-SST-NSK-SDK-SSL-NDL-TEC-ALK-MLN-SGE-STE-SEE-SEI-SEN-NDV-SKC
1279,QSQ-LYI-QAR-QYI-QKR-QET-LNR-RAQ-HVR
1280,NKR-FDR-SGR-QTQ-QAQ-TVE-RAV-HGQ
1281,WGR-MAL-RDK-QDI-QGK-QDK-QDL-QDK-QVL-RDN-RDK-QNL-RDK-QDK-QDL-QDK-XXX-QDN
1282,QAL-RIQ-QGN-QNR
1283,RER-RHT-RER
1284,XXX-XXX-XXX-NSS-DAS-SSS-LLR-QVS-SSR-NQE-SSR-TAT
1285,VSN-LSK-XXX-DGE-TAL
1286,SAI-TNV-CAM-TNT-NVQ-CAI-TNQ-SAI-XXX
1287,KQR-VNL-RSA-LQI-TEE-KQR-QAT-QNS-SST-KDR-VTA-TSV-THT-XXX-SVA-TSR-TNK-KHQ-SVS-TSR-THK-VTC-TSV-TRT-SVH-KQR-QAV-QNL
1288,FSQ-QNI-RDL-RSS-QFA-EFN-NSA-TQL-YVM-QQA
1289,TEV-SDV-TQA-TTS-SAL
1290,SAK-ELA-NDV-SDE-NGD-SVR-SGK-SNV-TDR-SSL-GGV-TNQ-SNL-XXX-QDN-EAN-TAD-TAK-THR-VEN
1291,XXX-XXX-QHR-YES-HNV-QNI-YYR-SYV-YHI-AYV-SYV-YYV-GVR-SSI-SQS-RHR
1292,SDI-XXX-FLL-XKS
1293,XXX-KYI-QYF-KYI
1294,PYS-PYS-PYS-PYS-PYS
1295,HMR-DDR-QSS-SGL
1296,EHI-LNI-QNI-KNI-QNS-EHI-QHI-LSI-XXX-XXX-DCI
1297,LQR-SNV-QSW-KSA
1298,KHA-RER-RHK
1299,QER-XXX-NDK-DSK
1300,DIQ-DTQ-TEK-HQR-NVG
1301,XXX-XXX-HNR-TDI-YNR-YNR-WHR-HNI-CLI-YYM-QSV-YHI-YHV-QGV-RHR-RTV-SLI-YHV-CNV-XXX-XXX
1302,XXX-QTI-HHV-SER-CSA-XXX-QTR-SQT-DKD-CNM-SYV-XHL-NYV-SQS-HNK-XXX
1303,XXX-XXX-XXX-YSV-RRM-YTV-CHS-QYR-HYV-QNR-HYV-RAR
1304,XXX-XXX-XXX-XXX-YTL-XXX-FLK-QHT-YSV-SHR-XXX-KHV-YYV-XXX-XXX-HDR-SQI-XXX-YYV-SSK-XXX
1305,HSQ-RTT-QDK-QNT-RDR
1306,SNS-QTN-QGA
1307,QSR-RQY-FTQ
1308,HNR-QNR-ATD-HAK
1309,HNN-QNR-QSD-HVK
1310,RSE-YQR-YHE-XXX-KSR-HHE-XXX
1311,KHA-RER-RHK
1312,KHA-RER-RHK
1313,KHA-RER-RHK
1314,XXX-XXX-YTG-YHS-XXX-XXX-XXX-XXX-QFS-QRS-XXX
1315,QHK-SSG-TDE-RSL-TSN-QNG-QER-DTA-LKR-LSR
1316,VQF-XXX-YKA-XXX-XXX-XXX-XXX-XXX-LKL-LSQ-XXX
1317,KHM-RQR-RHT-RER
1318,TKR-QHR-NTK-SKR-QHI-IKK-SKR-QHR-SKR-QHR
1319,RRR-DNT-QSI-NHA-KDA-KAK
1320,YAL-LHL-HIR-QYQ-XXX-DGQ-YAK-QSK-QSQ
1321,DSR-HSR-DSV-DSR-QIR-GSR-DSQ-QRR-XXX
1322,LMR-DDR-QSS-TDL
1323,KNS-GSR-RTI-QNI-QAK-DNS-XXX-QTS-LRR-XXX-QNA-HGR-XXX
1324,CNS-RYK-SAR-SGR
1325,YSK-NNS-RDR-SAL-QMY-SYH-QSQ-QAR
1326,XXX-YYR-RHR-HHI-RHI-XXX-CSV-RSR-RSR-CSI-QYI-XXX-XXX
1327,RCR-XXX-XXX-QHT-XXX-XXX-VHI-QST-XXX
1328,RHR-RHQ-CGY-RNR-SSC-RIT-RHR-CSY-FSI-SGY-HNM-QYQ-YNV
1329,XXX-CGQ-LHG-CSY-LYI-QHT-QHT-QHT-FGK-YGK-CSN-LYI-RLK-NNV-CGY
1330,RCR-XXX-CGM-YYK-GHR-RSR-CGI-CGY-HHI-RHT
1331,RHR-XXX-CGG-GGY-RHQ-CGY-XXX-RHR-RSY-CVR-SHR-XXX-SYR-SSN-CKS-IHR-RSY-CRI-SGY-HNM-QYQ-YKV
1332,XXX-XXX-CGM-YYK-GHR-RSR-CGI-CGY-HHI-RHT
1333,XXX-CGQ-CDQ-QHR-CSY-LYI-QHT-QHT-SNV-YGK-CSN-LYI-RLK-NNV-CGY
1334,XXX-XXX-QHQ-HHR-QSL-CGQ-CDQ-LHR-QHR-CSY-LYI-QHT-SNV-FGK-CSN-LYI-RLK-NNV-CGY
1335,XXX-RHQ-CGY-RNR-SSC-SSY-RIR-RHR-RHR-CSY-FSI-CGY-HSM-QYQ-YNV-XXX
1336,TNR-SAM-RLG-DNA-XXX
1337,RHN-TGR-SAE-TDR-RHR
1338,XXX-DNR-QHI-YSR
1339,XXX-QNK-TQS-KTE-SDV-TAH-KYL-RKR-XXX-RHE
1340,TTR-SDF-YDR-MRQ-XXX-DAN-RFS-HNL-SES-NDR
1341,VHE-QAV-VNQ-VNV-EAK-QAK
1342,KTV-ISR-DAV-RAE-KYV-CAA-CAV-TAA-LTI-RAH-QSE-HAV-RTE-HNL
1343,SAM-RLG-DNA-XXX
1344,FAS-SAQ-DKA
1345,TSI-TNV-CSM-TNT-NMQ-SAI
1346,RKT-DSK-NQV-IDR-MNS-STK-SAV-QNK-RSS-XXX-RNM-DSK-NQV-IDR-MNS-DDE-NAV-RSK-RSC
1347,TEV-SDV-TQT-TTS-SAL
1348,QDQ-VDS-EFN-NSE-TQL-SYI-QSY-YVM
1349,KTR-TLN-TER-DKR-QTI-EAQ-QLV
1350,XXX-RDI-GDK-QHI-HHI-QHI-QHI-GDK-RDK-QTI-GGC-XXX
1351,YAH-QHI-XXX-QHI-XXX-XXX-XXX-QGN
1352,XXX-RDI-RDK-GGC-XXX-XXX-XXX
1353,XXX-KDI-RHI-HTI-XXX-RDI-GGC
1354,XXX-TVI-RHM-RDI-RHI-SDK-QHI-RDK-HHI-VTM-VTM-QHI-RDE-RVI-GHI-KTI-TVI-SDK-QHI-XXX-XXX
1355,XXX-XXX-VDI-XXX-VDI-RDI-RDI-RDI-KNI-RDI-RDI-KNI-KNI-RDI-RDI-KNI-RDI-KNI-HNR
1356,XXX-TVI-RHI-RDI-SDQ-EHI-HHK-VTM-VTM-VTR-RHI-RDK-HHK-ETI-TVI-SDK-QHI-XXX-XXX
1357,XXX-XXX-XXX-VDI-RDI-RDI-KNI-RHI-HNR
1358,XXX-ETI-KEI-QHI-REI-QTI-QTV-QAI-HHI-HTI-RDI-RDI-XXX
1359,XXX-TVI-RHI-RNI-SEK-QHI-RDK-HHK-VTM-VTM-RHI-ETI-TVI-RDK-XXX-XXX-XXX
1360,XXX-XXX-XXX-KKI-QHI-RTT-REI-QTI-HTI-KEI-QTV-QAI-HTI-HTI-RDI-XXX-GGC
1361,XXX-TVI-RHI-RNI-SEK-QHI-RDK-HHK-VTM-VTM-RHI-ETI-TVI-RDK-XXX-XXX
1362,XXX-XXX-ETI-KEI-QHI-RTT-REI-QTI-QTI-HTI-KEI-QTV-QAI-HTI-HTI-RDI-RDI-GGC
1363,XXX-TVI-RHI-RNI-SEK-QHI-RDK-HHK-VTM-VTM-RHI-ETI-TVI-RDK-XXX-XXX
1364,XXX-XXX-XXX-KKI-QHI-RTT-REI-QTI-HTI-KEI-QTV-QAI-HTI-HTI-RDI-XXX-GGC
1365,XXX-TVI-RHI-RNI-SEK-QHI-RDK-HHK-VTM-VTM-RHI-ETI-TVI-RDK-XXX-XXX
1366,XXX-ETI-KEI-QHI-REI-QTI-QTV-QAI-HHI-HTI-RDI-RDI-XXX
1367,XXX-XXX-XXX-VDI-RDI-RDI-KNI-RHI-HNR
1368,XXX-TVI-RHI-RDI-SDQ-EHI-HHK-VTM-VTM-VTR-RHI-RDK-HHK-ETI-TVI-SDK-QHI-XXX-XXX
1369,XXX-XXX-XXX-KKI-QHI-RTT-REI-QTI-HTI-KEI-QTV-QAI-HTI-HTI-RDI-XXX-GGC
1370,XXX-TVI-RHI-RNI-SEK-QHI-RDK-HHK-VTM-VTM-RHI-ETI-TVI-RDK-XXX-XXX
1371,XXX-XXX-XXX-RHI-HTI-KEI-HTI-HTI-XXX-RDI-GGC
1372,XXX-TVI-RHI-RHI-RVK-VTM-VTR-RHI-RVE-QHI-RDQ-QHI-RDK-HHK-ETI-VTM-QHI-QHI-XXX-XXX
1373,XXX-XXX-XXX-VDI-RDI-XXX-RDI-KNI-RHI-HNR
1374,XXX-RDI-RHI-RNQ-QHI-RDK-QNL-XXX
1375,XXX-XXX-KDI-YHR-XXX-KDI-RHI-HTI-KEI-HTI-HTI-XXX-RDI-GGC
1376,XXX-ETI-KEI-QHI-REI-QTI-QTV-QAI-HHI-HTI-RDI-RDI-XXX
1377,XXX-TVI-RHI-RNI-SEK-QHI-RDK-HHK-VTM-VTM-RHI-ETI-TVI-RDK-XXX-XXX
1378,XXX-XXX-XXX-KKI-QHI-RTT-REI-QTI-HTI-KEI-QTV-QAI-HTI-HTI-RDI-XXX-GGC
1379,XXX-TVI-RHI-RNI-SEK-QHI-RDK-HHK-VTM-VTM-RHI-ETI-TVI-RDK-XXX-XXX
1380,XXX-XXX-ETI-KEI-QHI-RTT-REI-QTI-QTI-HTI-KEI-QAI-HTI-HTI-RDI-RDI-GGC
1381,XXX-TVI-RHI-RNI-SEN-QHI-RDK-HHK-VTM-VTM-RHI-ETI-TVI-RDK-QSI-XXX
1382,XXX-XXX-XXX-VDI-RDI-XXX-KNI-RHI-HNR
1383,XXX-TVI-RHI-RHI-RVK-QHK-VTM-VTM-RHI-RVQ-QHI-RDQ-QHI-RDK-HHK-ETI-RDK-HHK-ETI-VTM-HNI-RDI-HHK-ETI-ETI-SDK-XXX-XXX-XXX
1384,XXX-XXX-KDI-YHR-XXX-KDI-RHI-HTI-KEI-HTI-HTI-XXX-RDI-GGC
1385,XXX-RDI-RHI-RNQ-QHI-RDK-QNL-XXX
1386,XXX-XXX-XXX-VDI-RDI-XXX-RDI-KNI-RHI-HNR
1387,XXX-TVI-RHI-RHI-RVK-VTM-VTR-RHI-RVE-QHI-RDQ-QHI-RDK-HHK-ETI-VTM-QHI-QHI-XXX-XXX
1388,XXX-KDI-RHI-HTI-HTI-HTI-XXX-RDI-GGC
1389,XXX-RDI-QHI-QHI-SDK-RGC-XXX-XXX
1390,YAH-QHI-XXX-QHI-XXX-XXX-QGN
1391,XXX-RDI-HHI-RDK-GGC-XXX
1392,XXX-XXX-XXX-RHI-HTI-KEI-HTI-HTI-XXX-RDI-GGC
1393,XXX-TVI-RHI-RGI-SEK-QHI-IDK-HHK-VTM-VAM-TVI-SDK-SDK-QHI-XXX-XXX-XXX
1394,XXX-XXX-HTI-HTI-XXX-HTI-RDI-RDI-GGC-XXX
1395,XXX-RDI-QHI-QHI-HHI-RDK-RVI-QHI-GGC-XXX
1396,RDK-RDK-RDK-RDK-ETI-RDK-ETI-REK-REK-QHI-RDK-RDN-QHI-RDV-RGK-XXX-XXX
1397,XXX-TAI-XXX-SDK-QHI-QNI-SDK-KDK-ITI-QNI-XXX-XXX-XXX
1398,XXX-XXX-XXX-KNI-RHI-HNR-XXX
1399,XXX-XXX-ETI-KDI-RHI-RTT-QPI-HTI-KEI-QTE-RAI-QTG-QAI-HTI-HTI-HTI-GHI-RDI-RDI-GGC
1400,XXX-TDI-RHI-XXX-QHI-QQI-RHI-SDK-ETI-RDK-QSI-XXX-XXX-XXX-XXX
1401,XXX-RDI-GDK-QHI-HHI-QHI-QHI-GDK-RDK-QTI-GGC-XXX
1402,XXX-XXX-XXX-VDI-RDI-RDT-KNI-RHI-HNR-XXX
1403,XXX-TVI-XXX-SDK-QHI-QNI-SDK-KDK-VTI-QNI-XXX-XXX-XXX
1404,XXX-TVI-RHI-RDI-SEK-QHI-RDK-HHI-VTM-VTM-QHI-RDE-RVI-SDK-QHI-XXX
1405,XXX-XXX-XXX-VDI-RDI-XXX-RDI-KNI-RHI
1406,XXX-ETI-KDI-RHI-RTV-QAI-HTI-HTI-RDI-RDI-GGC
1407,XXX-TVI-RHI-RDI-SDK-QHI-XXX-HHI-VTM-VTM-QHI-RDE-RVI-GHI-TVI-SDK-QHI-XXX-XXX
1408,XXX-XXX-VDI-RDI-XXX-KNI-HNR
1409,XXX-XXX-ETI-QHI-VHI-VHI-RKI-HTI-THR-SDK-SDK-ETR-RHI-RHI-ADV-XXX
1410,XXX-RDI-RDK-QNI-RDN-RHI-EAI-SDK-HTI-XXX-XXX
1411,SQK-SGY-SGY-SGY
1412,XXX-XXX-XXX-YTV-SHS-RYR-HSE-YSV-CYS-XXX-XXX-YTV-RHS-QNR-CTV-XXX-NYV-NYV-QDT-RNR
1413,YST-SSG-YTA-TNI-VNI-LNL-SKL-INQ-DRM-NHL-TKI-TAK-QIV-QTI-NIS-XXX-TLE-AAS-ASD-GAQ
1414,NNM-KNI-QYI-ESI-KNI-QNI-ESI-ESI-ESI-VSI-KHI-EII-XXX-QHI-XXX
1415,KWK-QSI-QWK-QSI-QDR-YSS-HSI-RSV-YNK
1416,QNI-QNI-DTR-XXX-XXX-HSR
1417,XXX-WNR-TGQ-XXX-INR-QNR
1418,ESR-QQT-QQF-QTY-VST-SEK-DNK
1419,YDQ-TLE-INQ-SEL-DDS-LNR-SEK-QDI-NDG
1420,QEI-YSQ-HLQ-QTQ-QSL-RLQ-KSQ-QSL-RFQ-QSQ-QSR-RLQ-QSQ-QSR-XXX
1421,GRE-YHS-DNH-DLV-DDC
1422,XXX-RDI-KHA-CNT-LNS-SSS-RYT-QHV-QGI-QHR-QHY
1423,TQC-SLQ-NAQ-FDE
1424,XXX-NSA-GSS-SSA-HLS-EET-SSR-XXX-SSR-SNT
1425,PAQ-RYN-WDK-LHS-RHN-WDK-VHT-RHN-DTQ-QHR-YHQ
1426,RQI-QHI-HHI-XXX-LSR-XXX
1427,SKV-RHN-TGR-SVE-TDR-RHR-XXX
1428,YSA-RGI-DNK-RDR
1429,SSP-YNA-SHD-SEA-QLD-SEK-SSK-TAK-RNA-INL-AGQ-TSV-TNR-SNR
1430,RHQ-RFE-VTR-QSK-WHE-RLE-LYQ-RFE-QNR-RGQ-VHQ-RFE-QNR-RGQ-QSN-CSQ
1431,SDA-SLE-RRK-RRD-HSR-SKA-TGV-SST-NDQ-NSP-NSV-SGV-TGI-YAK-EGL-NGT-TKI-TGR-IGA-SES-TAN-SGS-YRT-TQE-YSR-YND-SSQ-HET-QER
1432,KHA-RER-RHL
1433,EFH-DSQ-HSK-QCR-LSY-SRR-QSL-RIE
1434,HGD-QHV-HAD-HNQ-YSE-YSK-KHI-HSY-QGQ-QHV-AQI-QSK
1435,YCT-YCE-YPE-FNE
1436,SEI-NYQ-QHQ-QNS-DSA-SYK
1437,DTI-XXX-SSL-NTV-XXX
1438,RHE-RDR-RYK
1439,RHE-CDR-RYQ
1440,QER-XXX-NDK-DSK
1441,KHS-RER-RHQ
1442,NNT-RNR-RDT-QTV-NSV-DNA-RNR
1443,KVK-TNK-KMK
1444,QHE-QST-HSQ-QSQ-QHE-HYH-QHN-HSK-YSR
1445,RLP-QYV-SHE-SEN-DQH-SEN-NGK-TAM-RHI-NGR-CAK-SKH-HNQ-LSR
1446,TNT-TSI-TDK-AHT-TSS
1447,XXX-DNT-QNK-KAS-KSN-EKT-DNT-QSI-NHA
1448,TEI-NYQ-XXX-DSI
1449,QDR-RHQ-RHQ-RHQ-RHQ-EDK-QDR-RHQ-RHT-EDK-QNT-RAK
1450,XXX-ATN-QAY-QER-QGI-TDK-AMR-NEK-TLV-FAH-SQS
1451,XXX-DAA-LLL-TNR-DSR-XXX-DAR-QSA-NDK-RNS-DSQ
1452,TGR-TNR-TNR-SDK-GDE-FNQ
1453,QHI-ESR-RTI-QNS-ENR-RHI-XXX-XXX-QHI-RNM-RHI-NNI
1454,HNM-HNI-RHI-HHN-ESI-QSI-TNI-HHN-ESI-QSI-KNI-QYI-RHI
1455,HHI-HSM-ESI-HHS-KSI-QDI-HHS-RHI-QDI-HHS-RHI-RHI-RHI-RHI-QDI-HHS-RHI-QNI-ESI-RHI
1456,DTK-DSV-QHI-DSV-DSV-DSV-HSV-EGR-DSV-DSV-DYV-HSV-EGR-XXX-QHI-DSR-XHI-ECI-KSI-QSI-XXX-HSM
1457,HHI-QHI-ENI-QHI-EHI-EHI-KSI-FSI-ECI-FSI-EKI-XXX
1458,NNM-KNI-QCI-ESI-QNI
1459,NNM-KNI-QYI-ESI-QHI-QNI-ESI-ESI-ESI-VSI-KHI-EII-RHI-QHI-XXX
1460,DTK-DTK-DSV-QHI-DTK-ETK-DSV-KHI-QPI-DSV-QHI-DSV-DSV-DYV-HSV-RHI-DSR-XHI-ECI-XHI-ECI-DSV-QSI-XXX-HSM
1461,HHI-QHI-ENI-QHI-EHI-EHI-KSI-FSI-ECI-FSI-EKI-XXX
1462,QNI-ESI-RHI
1463,NNM-DSI-ESI-KNI-QCI-ESI-KNI-QCI-ESI-RHI-QNI-ESI-EST-ESI-VSI-KNI-RHI-RHI
1464,HHI-QHI-ENI-QHI-EHI-EHI-KSI-FSI-ECI-FSI-EKI-XXX
1465,DTK-DYV-DYV-QHF-DIK-DYV-QHI-XHI-DTR-EIR-XXX-HSM
1466,HHI-QHI-QHI-EHI
1467,DTK-DTK-DSV-QHI-DTK-DTK-DSV-QHI-QPI-DSV-QHI-DSV-DSV-DYV-HSV-ESR-RHI-QHI-DSR-XHI-ECI-XHI-ECI-KSI-QSI-XXX-HSM
1468,NNM-DSI-KNI-HHI-QHI-ESI-ESI-VSI-KHI-VSI-KHI-EII-RHI-TNI-QHI
1469,HNM-KSI-QNI-GSI
1470,NNM-DSI-KNI-HHI-QHI-ESI-ESI-VSI-KHI-VSI-KHI-EII-RHI-TNI-QHI
1471,DTK-DTK-DSV-QHI-DTK-ETK-DSV-KHI-QPI-DSV-QHI-HSV-EGR-RHI-QHI-DSR-XHI-ECI-XHI-ECI-XXX-HSM
1472,HHI-QHI-ENI-QHI-EHI-EHI-KSI-FSI-ECI-FSI-EKI-XXX
1473,QNI-ESI-RHI
1474,NNM-ESI-KNI-QCI-ESI-RHI-QNI-ESI-ESI-ESI-VSI-KNI-RHI-RHI
1475,DTK-DSV-QHI-DSV-DSV-DYV-HSV-RHI-QHI-DSR-ECI-KSI-QSI-XXX
1476,XXX-EII-XXX-EKR-QSD-QSN-DNR-DSR-DSR-ENI-KHI-EKR-QSD-QSN-DNR-DSR-DSR-ENI-QYI-XXX-ENR-DSR-ENI-QYI
1477,REI-ENR-QQI-DSR-XXX
1478,HNA-HRY-HNA-HNA-RHI-GSI-GSI-GSI-QHI-HHN
1479,XXX-QLN-HSI-XXX-HSI-XXX-XXX
1480,NNM-DSI-ESI-ESI-QYI-KNI-QHI-QYI-TNI-ESI-KKI-ESI-QYI-TNI-QQI
1481,HHI-HSM-QHV-HHS-KSI-HNI-HHS-RHI-QNI-ESI-RHI
1482,XXX-YQR-QHI-DQI-QNI-QHI-DQI-QNI-QNI-RHC-QSI-DHR-QYI
1483,SQS-LQS-GHK-DKA-GQS
1484,XXX-REL-QDS-SEL-SGM-QNM-EPR
1485,XXX-WNR-TGQ-XXX-XXX-INR-QNR
1486,QSV-DSR-QLR-DGQ-YSV-HSQ-QHS-IQT-QHQ-QHQ-DSQ-XXX-HSV-XXX
1487,YHR-QNR-SNR-YHR-HNR-NNR-QNR-HNR
1488,SGY-SGY-SGY
1489,HNL-MKK-RVR
1490,DQK-TER-RYK-DES
1491,KHA-RER-RHL
1492,SQH-RHA-SHK-RNQ-QHR-NER-DNK-KNY-KDK
1493,XXX-CYI-SYN-CNN-RHS-WCI-RHR-CDR-WCI-CHS-XXX-HYI-XXX
1494,XXX-YDR-CGQ-RNR-QGR-CNS-RNS-QGI-CNN-QSR-XXX-XXX-YHG-CGR-RNN-XCI-CHS-XXX-ENK-HCI-XXX-QFC-XXX-XXX
1495,XXX-YDR-CGQ-RNR-QGR-CNS-RNS-QGI-CNN-QSR-XXX-XXX-YHG-CGR-RNN-XCI-CHS-XXX-ENK-HCI-XXX-QFC-XXX-XXX
1496,XXX-YDS-CDR-RSS-WCN-WCI-SHR-CDR-RSS-WCN-RHR-CDR-WCI-WCI-RHR-CDR-RSS-WCN-RHR-CDR-WCI-CRS-ENK
1497,RDN-LYI-CHS-WCI-CHS-WCI-CHR-WCI-RHN-CAR-XXX-XXX-XXX-HYI-XXX-QFC-LHS-HNS
1498,YHR-CDR-XXX-XXX-XXX-HYI-QFG-LHS-HNS
1499,XXX-XXX-YHT-XXX-RQS-YTR-XXX-YDR-CYR-YLI-RYS-YTR-CYQ-YHR-YDT-XXX-CNI-YHR-XXX-YTR-CYK
1500,EHR-DSK-CTQ-TEC-AIK-TGN-TGN
1501,HSQ-RTT-QDK-QNT-RDR
1502,SQR-XXX-QDS-YYI
1503,XXX-YYI-XXX-CQR-RHI-CHR-YGS-CSN-YSN-XXX-XXX
1504,XXX-GHM-CNR-CNR-RSE-SQK-FYV-NSV-YCQ-HNL-SQK-RSE-SQK-FYV-YSE-YCL-HDL-SKK-YYV-YYV-XXX-XXX-XXX-XXX
1505,GTI-SQK-YNM-SQI-CQI-FQK-HNM-YRV-CYI-YYI-YQV-SQI-FQK-LNM-YMV-SQK-HNV-YIV-CYV-SQK
1506,XXX-GTI-SQK-YNM-SQM-YNM-SQI-CQI-SQI-RNM-YSV-CYV-YCI-YYV-FQK-QCL
1507,CQI-DYR-YYV-SQK-QHM-YMV-CYV-RSR-QCL
1508,XXX-GTI-SQK-QHK-YSV-YSV-RET-RAR-SQK-RDR-SQI-QHM-FLL-QHM-YTV-YYV-SSK-QHL
1509,RII-RII-RHI-FTV-HHV-GDR-CST-SQK-SKK-SKK-SKK-YYV-RHV-YTV-NYV-GDK-YHM
1510,RII-QHI-FTV-HHV-GDR-CST-SQK-SKK-SKK-SKK-YYV-RHV-YTV-NYV-GDR-YHM
1511,XXX-XXX-XXX-HAI-SES-XXX-KQM-YKV-YSV-SQS-QHV-XXX-XXX-XXX
1512,GTI-SQK-QHK-YNI-YSV-CQK-CAR-SQK-RDR-SQL-QPM-YQI-SQI-RHM-YTV-YYV-SSK-XXX
1513,XXX-RYM-YYV-FHR-FNV-SQY-RHM-YYV-CHR-YHI-YYV-SYV-SYV-GVR-FKI-SQY-QDV-XXX-XXX
1514,KQV-XXX-QKI-WQT-RLR-XXX-XXX-XXX-GSS-QSS-ENH-WHQ-QQK-EQI-RHR-KHR
1515,EDM-HEI-TKR-WHI-NNM-HSM-QSI-QSI-QSI
1516,YVQ-RNQ-AVQ-YTQ-RTQ-KSQ-YTR-NTR-CFQ-LQR-YNR-NTR-CYQ-CQR-CYK-CYK-FQR-CYK-CYK-FQR-TCR
1517,RSR-LNL-HNL-QDK-RYL-RTL
1518,NNK-HNL-XXX-GSR-QGS-HNK-SNK
1519,RDQ-QHQ-CAL-WTH-RTH-QHQ-YGQ-YAR
1520,XXX-SEV-RTV-YTE-YNR-SES-CTV-YTE-YQR-SEA-RHL-CGR
1521,WSR-QHQ-RED-QQL-TYV-CSH-RGR-CHV-DNR
1522,XXX-HQR-HHR-LQL-RHQ-RHQ-RQQ-LYR-RYR
1523,KKI-QTV-QHQ-QHL-RAD-RTT-RYI-LAR-XXX-DCV-HSR-QYI-RNV-QYV-HAS
1524,KKI-QTV-QHQ-QHQ-QAD-RTT-RYV-LAR-QYV-QAR-QYI-QAR-QYI-RYV-HAS
1525,HRK-YHI-YHT-RYT-QAR-XXX-RAK-YHR-RHA-RHA-QAR-HDR-QNK-QVT-QHT
1526,RDR-QNT-EAQ-VNR-HQR
1527,QDK-QAK-QHR-XXX-QDK-QTK-QHR
1528,QNQ-QHQ-VHQ-RHE-QHQ-QHQ-VHQ-RHG-QSE-YDQ-LHQ-WSK
1529,XXX-QAR-QSR-XXX-RHQ-HYE-LHQ-QCQ-XXX-XXX
1530,RNR-LYK-QHV-RHV-XXX-KRR-QIR
1531,WKR-KRR-KIC
1532,KKA-RHR-TNK-KQT-SRR-TEK-RYQ-TNS
1533,SDI-XXX-QHX-XKS
1534,XXX-QTR-RTT-QNF-RDK
1535,YQL-QDV-HTG-QTQ
1536,SGR-TNR-SMR-SNK-RDR-KYH
1537,KHS-RER-RHK
1538,CTQ-LQR-RSE-RSR-THK-LYE-LYE-NQK-QKE-LLH-LQS-RNQ-HSH-VYQ-CQK-XXX-XXX-IAA
1539,LYR-XXX-QQR-LRA-HKE-LVA-RKE-LQS-VDA-XXX-LQS-EHR-YKE
1540,XXX-HRY-DRS-LSL-GAR-RHN-RHK-YTD
1541,VSI-CGR-RHN-RNK-YSD
1542,YQA-CST-HDR-QHQ
1543,LNI-QSL-RDC
1544,HTT-RTE-RTE-RNV-HSR-CWR
1545,LNI-HQL-HSK-LSI-RHR-EKN-RHE-QHE-YSY
1546,XXX-RHR-EKD-RHK
1547,DTL-QHL-KHR-QHS-KHR-HHR-WNT-HHR-SNA-RHR-SNR-RHR
1548,HFL-GAL-XXX-QQV-HNA-NYS-HNS-LFL-KHA-QHA-HYA-QNS-QNT-DRM
1549,WSI-QNR-QHK-HGI-WSI-QNR-QHK-SAA-WAI-QNR-QHK
1550,QSR-VNV-LNT-EFN-RST
1551,SVE-SAR-SQR-RQA-TSR-RTV-STV-KGM-QGE-XXX-RYV
1552,RER-RHT-RER
1553,KQV-TKR-TNA-TKS-XXX-KRI-SKR-RHG-SSA
1554,QTQ-QNQ-QNQ-QHQ-QHQ
1555,QSL-ANT-QSV-NNV-QSV-TNL-XXX
1556,QES-RSV-QKI-QNI-QNI-QDI-QKI-QNI
1557,ENQ-QHN-VNE-HAV-VNV-EAK-QVK
1558,QSA-KDI-HSR-QHE-VYV-QHV-RHT-QAV-YDK-VVL-QHI-QQS
1559,EHX-FDA-HTQ
1560,SEI-NYQ-XXX-NYQ-XXX-DSA
1561,XXX-XXX-XXX-QVN-HKV-QDV-QVV-QVN-HKV-QYV-KEV-QTV-QDV-QDV-KKA-QDV-QVV-XXX-RAV-XXX-XXX-XXX
1562,XXX-XXX-QNG-HRV-RQV-LVV-QEY-XXX-QDV-QKV-QEV-XXX
1563,XXX-KKI-QEV-QVV-RDV-QVN-RDV-QVN-QVN-QKV-RDV-RYV-RDV-QVN-QKV-RDI-QEV-QVV-QLV-RKV-QNV-RLL-XXX-RNV-XXX-XXX-XXX-XXX
1564,XXX-XXX-QDV-WVV-QVV-QEY-XXX-QTV-XXX-XXX-XXX
1565,XXX-QEV-RVV-QQV-QQV-LVV-QEY-RYI-QDV-KIV-QEV-QDD
1566,XXX-XXX-QDV-REV-WVV-KKV-QGV-RDV-XXX-XXX-XXX-XXX
1567,XXX-KEV-QVV-RDV-QVN-WDV-QVN-QKV-QVN-QKV-RDV-QVN-QKV-RDV-QKV-RDV-RKV-QNV-XXX-XXX-RNV-XXX-XXX-XXX
1568,XXX-XXX-QDV-WVV-XXX-QEV-QVV-QEY-RYV-QTV-XXX-XXX-XXX
1569,XXX-XXX-QEV-RVV-QQV-QQV-QQV-WVV-QKV-RDV-QDV-QKV-RDV
1570,XXX-QEV-REV-XXX-QQV-RSI-QKV-QEV-QEV-QHV-QKV-RTI
1571,XXX-XXX-QDV-REV-WVV-KKV-QVV-QGV-RDV-QMV-XXX-XXX-XXX
1572,XXX-QKV-QVS-XXX-QVA-RDV-QKV-RDV-QKV-QKL-RDV-HNV-QKV-QVV-XXX-RNV-XXX-XXX
1573,XXX-RDV-RYV-RDV-QVN-QKV-QQA-QKV-QNV-HVL-RNV-XXX-XXX-XXX
1574,XXX-XXX-QKV-QEA-QKV-QNV-HSV-QDV-QQV-QQV-QRV-XXX-XXX-CIV-XXX
1575,XXX-XXX-HKK-YSM-YSM-HTK-RYG-RHV-XXX-YIK-HRR-YSK-QNT-LHV-RYG-XXX-CER-YSI-HQR-QSI-YYV-CDK-XXX-XXX-QHV
1576,HQR-WQQ-XXX-XXX-TYQ-WSK-XXX-HQQ-XXX
1577,WRH-GAY-RLI-WHY-NSR-QNQ-HNL-TGR-QSA-GGY-RLI-WHY-NCR-QNQ-HNL-MYR
1578,FYR-RHR-EQR-RSR-LYQ-RHQ-RDR-RSR
1579,YDR-HNN-XXX-SSR-HEA-ALR-AAE-SDR-HYR-TNR
1580,XXX-YDR-RHR-EEH-ETR
1581,QHQ-HSR-KHQ-RSR-DYK-ASR-RTR-EHK-YSR-DHS-FNW-HGT-GDL-ELR-RYQ-QSE-YNE-YSR-DYK-NGK
1582,LEF-GSA-APR-RDD-QVG-NNK
1583,SRS-RHR-DEQ
1584,HKR-QHQ-WNQ-QSK-QSR-HGA-QAR
1585,KHR-RHR-WHR-RHR
1586,YRL-QDV-HTG-HNV-QTR
1587,RSL-QSL-KTI-RSL-RAL-RTL-RSQ-GNV-RFE-HSR-QHQ-QSL-SDR-RSR
1588,QSL-QNQ-QHQ-QHQ-NFQ-HYV-QHQ-QYQ-NSQ-QGQ-YSL-QHH
1589,YRQ-SNQ-RQE-RHV-HQQ-QTR-VQQ-RHV-XXX
1590,HAV-QHQ-QYV-QHQ-HSG-QHV-EQI-RYR-HYR-DSQ-RSC
1591,QSV-DSR-QSR-DGQ-YSV-HSQ-QHS-IQT-QHQ-QHQ-DSQ-TSC-HSV-QHQ
1592,QHE-HYT-STN-QKR-RSE-VHE-NYE-CAK-CSR-DTN-KTI
1593,VEE-RAE-HAE-HSE-REE-DDS-HLE-HAE-TQD-SAE-DSR
1594,XXX-XXX-HDR-HGR-XXX-XXX-XXX-SDQ-CGR
1595,HRR-QHV-YSH-XXX-TSS-EGY-QHK-XXX-XXX
1596,SHR-QFK-HSS-SGV-SGN-QEE-SNR-SSK
1597,CLR-QDQ-HSG-NSC-ESY-KHK-MSK-YGR
1598,QTI-QNE-CSR-QST-HTV-QNK-QTK-QYE-QTR-YRR-ENE-RDK-RNQ-QTR
1599,SHR-QFK-HSS-TNR-ESY-QFK-HFA-NSY
1600,GSQ-QHD-QSD-QTK-QIQ-QTK-QIQ-QGQ-QSH
1601,HSS-RDT-HNS-QTR
1602,XXX-HML-DGX-XXX-XXX-SDQ-XXX
1603,HSS-RDT-HNY-QTR
1604,XXX-HML-DGX-HYW-EAH
1605,XXX-HML-XXX-HYW-XXX-XXX-SDQ-CGR
1606,HSS-RDT-HNS-QTR
1607,HSS-RDT-HNS-QTR
1608,HSS-RDT-HNS-QTR
1609,XXX-DGX-XXX-EAH-XXX-SDQ-CGR
1610,HSS-RDT-HNY-QTR
1611,HML-DGX-HYW-EAH-XXX
1612,XXX-HML-XXX-HYW-XXX-XXX-SDQ-CGR
1613,HSS-RDT-HNS-QTR
1614,XXX-XXX-HYW-XXX-XXX-SDQ-CGR
1615,HSS-RDT-HNS-QTR
1616,XXX-HML-HYW-XXX-XXX-SDQ-CGR
1617,HSS-RDT-HNS-QTR
1618,YNI-QED-YNA-QTR
1619,XXX-YEY-YNE-QSR-QNR-CEQ-QNR-RIQ-RDQ-QSQ-QSQ-QSQ-HDQ-RNR
1620,XXX-NAK-WHV-WHG-WHA-DAK-WHA-EAK-QHR-QHA-CHA-ESV-KSI-GAQ
1621,RSL-KNV-DAQ-RSL-DHV-DYQ-RHV-EYR-NGR-DCK-QHV-RCR
1622,NYV-QSQ-DAQ-QHR-QHG
1623,HHV-QSQ-HHV-QSR-RCL-HSQ-QHR
1624,XXX-RHQ-RHQ-RHQ-QHQ-DAR-QSE-RAV
1625,KDK-QHQ-HSR-HNQ-RHQ-QSK-HNQ-KVS-EAH
1626,WVI-WQI-WQI
1627,SNK-LYK-QSV-HLR
1628,QNR-RHR-RRE-QNQ-RVE-RVQ-QNQ-QTQ-QKR-QRE-QNQ-QTQ-QKQ
1629,SSK-DSR-TGS
1630,SKC-SNV-QKR-NNV-QKR-LTK
1631,WHA-RHS-QVV-QKA-QKA-QKA-WQS-RHM-QVV-QCQ-LRV-SKR
1632,HVI-RYG-RHG-WNI-KTA-QYS-QYG-QRA-ERA-GSA-QNA-WGI
1633,QNT-QHA-RDI-QHA-CNT-LNS-SSS-QYA-WNN-QNA-QHA-QNV-WGA-QHT-QHY
1634,RDI-KHA-CNT-LNS-SSS-RYT-QHV-QGI-QHR-QHY
1635,QAT-QLA-CNI-XXX-SSR-RYT-QHA-CNT-XXX-QNA-QGI-LGA-LST-QHS-QGV-WGA
1636,QAT-QVA-FNI-XXX-SNV-RHT-QSV-SSG-RYI-QHV-QGS-QLR-QHK
1637,HTT-RDI-KHI-CNT-LNS-SSR-QNA-XXX-HSA-QID-QGV-WGS-QHT
1638,QAT-RDI-QHA-CNT-LNI-SSS-RHD-WSS-HSA-KNA-QSV-WGS-QYM-XXX
1639,CAV-QHD-RHS-CNI-RSA-LNV-RQS-WNI
1640,RGA-RTD-HEN-QHA-RDV-RIV-VHA-RNA-QYD-WYA-WSI
1641,YKT-YKA-HKA-YKA-FKA-QLV
1642,SEV-SQE-SMS-MDE-SQQ-SSQ-TLA-XXX-KQR-KHN-SNR-QTQ-RRM-LLV-SRA-TSV-QHD-IRE-SNK
1643,TES-SEA-SLA-TEE-SAK-SRA-KSQ-TTA-XXX-SRR-KHN-SNR-QNQ-AGL
1644,VSI-CAQ-LER-LLY-RSE-RDQ-VQQ-SYR-LYE-RQE-RNE-LHR-FQY-RSE-RNQ-VQR-LQQ-RAI-RDV-XXX
1645,CNQ-LMR-LLY-RTQ-RNQ-VQR-NYR-LYE-RQE-RNE-LHR-FQN-RSE-RNQ-VQR-LQQ-RGI-YQG-YDV-XXX
1646,CTQ-LQR-LLY-XXX-XXX-XXX-HQE-XXX-XXX-CSQ-HNQ-HAI-XXX
1647,CTQ-XXX-LLN-RNA-RYQ-FHG-LQR-FRL-CHQ-RNQ-VQR-THQ-LCE-SQL-LQQ-THQ-FYE-HQE-XXX-XXX-XXX
1648,CTQ-LQR-RSE-RSR-VHR-THK-LYE-LYE-NQK-QKE-LLH-LQS-RNQ-HSH-VYQ-CQK-XXX-XXX-IAA
1649,CTQ-LQR-LLY-RHE-RYQ-VQR-CFR-LYE-RQE-RSE-LHR-LQY-HSE-HNQ-VQR-LQQ-RAI-YQA-XXX-XXX
1650,CTQ-LQR-LLY-RNQ-VQR-LQR-LLY-RNE-RSQ-VHR-THQ-LYE-LYE-SQK-QND-LLR-LEN-RTQ-HSH-VYR-YQK-LGX
1651,CTQ-LQR-LLY-RNA-RNQ-VQR-LQR-LLY-RNE-RSQ-VHR-THM-LYE-RQE-QNE-LLR-LEN-RTQ-HSH-VYR-YQK-XXX-HDV
1652,XXX-LHR-HSQ-RNR-NYQ-LYE-RHE-RNE-LLQ-RNE-LLQ-RNE-LLQ-RNE-LLQ-RNE-LHR-LTW-XXX-VQR-XXX-WSQ-XXX
1653,KYQ-NLQ-YTQ-KNR-WND-CAK-QHQ-CYR-DTL-QHQ-RQK
1654,VQF-QHR-CDG-VQL-XXX-CGL-VQL-RHL-RES-LQQ-LQQ-LSQ-QHY
1655,LSP-FSG-FLV-YDR-CDR-QHK-CQQ-XXX-CDR-CDR-RHQ-YER-SDR-QHK-XXX
1656,LNR-QHS-CSS-CGD-FHA-LNR-QHS-RSS-CNR-QHK-XXX
1657,RHQ-RQL-QQL-RQR-QQL-QQL-CQQ-RLQ-RQQ-HQQ-RLR-REQ-RQQ-QHQ-RLQ-RQQ-HQL-QHR-RQR
1658,QET-QSR-YDI-QTM-QHA-SQV-YEI-QAV-QHA-SQV-NNT-QDT-QHI-QIV-RNT-SQV-GNK-QET-KQV-DNK-QVI
1659,QQQ-CHR-CYQ-YND-KQQ-QKQ-SAN-QQQ-QQQ-KNR-NDS
1660,QDR-HKN-KNR-QND-QSA-RSL-QMI-QAV-HNT-QNR-QNA-QNT-QSL-QLL-QSV-QSI-QSL-QHR
1661,QSL-QNQ-QHQ-QYQ-XXX-LYV-QHQ-QYQ-NYQ-YSQ-QHH
1662,TQH-SQL-RHR-YQL-CQL-SHR-RER-CER-REH-RER-RHQ
1663,RTQ-QHR-VEQ-VQR-QHR-CDV-IQV-LQR-SQS-LQQ-LQQ-LFQ-QHQ
1664,VQF-QHR-YEA-VQL-XXX-CGV-VQL-RHL-RQS-LQQ-LKL-LSQ-QHH
1665,HGH-CDR-SNR-SNQ-QQK-SDR-QQS
1666,LNE-XXX-QNS-GYE-QYK-QNI-QSR-GNE-QYK-RSV-QSV-QTL-QHR
1667,RYE-QAL-QTR-KYD-QTV-QTL-QIV-RNR-CNT
1668,RVL-XXX-LAD-XXX-QTL-QNV-QTL-XXX-XXX-MYD-QNL-QTV-RYH-QNV-YNV
1669,HNE-QYK-QNT-QNR-GNE-QYK-QSV-QSV-QTL-QHR
1670,XXX-QKL-HER-XXX-GQY-RQE-RQD
1671,LMR-DDR-QSA-RAQ
1672,LQT-DAK-SSA
1673,SVE-SEA-QMT-NYQ-NDS-TGN-HSS-SSD
1674,TEV-SDV-TEA-TTS-SAL
1675,FIL-QNI-KER-QES-QFG-EFN-TQV-THV-QSY-SLL-QNT
1676,YQE-YHI-YQR-CHL-FCR-FQH-WNV-CHV-SQV-SGA-NLE-CYL-WHQ-FQR
1677,YHV-YQQ-FQH-WNV-CHV-SQL-SGA-NLE-SHL-WHQ-FQR
1678,YLM-CFR-RNV-SSR-YLT-CFR-GSL-CFR-GSL-CFR-YLV-SYI-CAL-GYV-CSL-GRV-YLV-SNI-SSV-RNV-YLK-CFR-GSL-CLA-SYI-CSL-SSR-YYM-YFM-SSM-SSR-YLT-CSR
1679,CSE-HSL-CYL-SSV-CYI-SSR-YLT-CFR-SSL-CFR-DTV-YSR-FLK-SYI-CTL-CTL-VNV-SLM-YFR-VSL-RSV-CSR-CSR
1680,XXX-XXX-HYK-RSV-QHI-VTI-RTI-QHI-RHI-QGI-QYT
1681,CYR-XXX-HYK-CNI-CNL-SHI-QSI-CSI-STI-RSI-QHI-RHI-QSI-QYI
1682,QHT-QHT-YAL-HTL-YAL-QHT-QHI-SHS-QSI-QSY-HTL-HTY-XXX
1683,XXX-TYA-HSI-ETS-TNG-SCT-ETS-KNV-SCT-QHT-NSR-QHA-ETT-ETA-MAI-QHR-XXX-XNN-KKT
1684,YLK-NSK-CSS-VSR-YLT-SSV-YLI-RDV-NLM-YLL-FLL-SSR-CSL-YSR-YLI-YLI-SSV-YLT-GSV-YLM-SSE-RSN-YFR
1685,XXX-TYA-HSI-ESS-KNT-RCK-QTT-ETT-ETT-QHS-KSK-WND
1686,KYV-LYI-QHS-HYK-QLI-QYE-HCV-QCI-QCM-QYA-QHT-QYI-XXX-XXX
1687,KYA-HYI-LQS-QYK-HNI-HNI-HYI-QYA-QYV-QYL-HYM-HYM-QYM-HYM-YYM-HYM-HYM-QYK-XXX-HHI-XXX-QNL-XXX-XXX-XXX
1688,KYA-HYM-LHS-RCK-HNI-QCI-QYA-QYV-QYL-HYM-QYL-RNM-HYM-QYK-XXX-HHI-QYI-XNV-XXX-QGI
1689,QYL-QNV-QCI-QYL-QNV-QYV-QYL-QQT-XXX-XXX-QYM-QNV-QGI-XXX-XXX
1690,QYA-HYM-QYS-RCK-QNI-QCI-QYA-XYV-QYV-HFM-QYK-XXX-HYI-QYI-QNV-XXX-QGI-XXX-XXX
1691,XXX-XXX-XXX-QYI-QHI-SHA-RYI-XXX-XXX-QSI
1692,QYL-QNV-QCI-QYI-QNV-QYV-QYA-QQT-XXX-XXX-XXX-QNV-XXX
1693,KYA-HYM-LHR-RCK-XXX-HTK-XXX-QCI-QYA-XYV-QYM-QYL-HYM-QYK-XXX-HYI-QYI-XXX-XXX-QGI-XXX
1694,QYL-HYI-QHR-QYK-HNI-HNI-HYA-YCV-HYA-LCV-QHT-HHK-QYI-RDV-EHT-QYI-QNV-XXX-XXX
1695,XXX-HYM-RHS-RCK-QHT-HHK-QYI-QNV-XXX
1696,QYV-HTL-KYT-QHI-SHA-QSM-QSM-RST-YSY-XXX-XXX-XXX-XXX-XXX
1697,NAQ-DAE-RES-FQV-KKV-QIR-YQV-FEV-KQA-TQE-SSK-YQS-KQA-QTR-SEV-TQE-SVK-QES-XXX
1698,XXX-QES-RNV-NQV-QIT-CRV-RSV-QET-YQM-YTV-SQE-GGR-QQS-HQV-NQE-RSL-QVT-SQD-GSR-QAS-NSR-QVC-XXX
1699,XXX-YHV-QVI-CDK-INA-KQV-QVT-YDK-VHV-RHM-RHV-DVT-SNE-DSR
1700,XXX-XXX-YHI-QVT-YDK-NHV-RHV-HVT-SQE-CSA-HQS
1701,QHQ-QYW-GHK-LHQ-WSK-HTI-RDE-RHR-YQR-CTC-XXX-XXX-QYQ-QCK-SQR-QCL-QNK-LHQ
1702,KHA-RER-RHK
1703,SNT-QHT-QHR-YEA-TQR-YQN-QHQ-LNR-QTT-XXX-LNR
1704,RHT-DNR-RNT-RNA-NST-YNR-QAT-RNT-QSA-WNK-QQV-RIM-WVI-NNT
1705,XXX-XXX-NSA-TLS-TSD-XXX-DSS-NSK-SSR
1706,DTI-XXX-NST-NTA-XXX
1707,TDK-TIV-SNN-ESK-QTM
1708,RSR-DNA-QSI-NHA-NRE-KFK
1709,NNR-DHR-RRY-XXX-XXX-TQG
1710,QDK-DAK-QDK-DAK-LSS-RDK-DAK-LTR-RDK-DAK-RDK-DAK
1711,RTK-QAK-ANQ-QNQ-GCR-QAK-HNE-LHR
1712,RTQ-QDK-DYR-DYR-QSS-QAP-QVI-RTQ-RTQ-QDR
1713,RTA-RST-QTA-RSM-QAE-RSR-QSS-QRE-DYR
1714,RTA-RST-QKA-RST-QTA-RSS-QTD-RSR-RSS-QAE-DYR-QEA-TAS
1715,HKE-RSM-QTA-RSS-HGA-QGE-RYC-QDA-TAK
1716,QTE-RSM-QTA-RSS-RGA-QAE-DYR-QEA-TAS
1717,YLS-QNQ-RSN-YLI-QAI-SRS-QTQ-RSI-YLS-QHQ-XXX
1718,QKR-QHQ-WNQ-QNK-RDQ-QNK-QEQ-HTK-LTR-VNN-MTR-RHQ-QNT-EEQ-DIQ-DVQ-LEQ-DAR-ETL
1719,NRR-TES-QCV-TKI-DVK-XXX-RSC-QSS-DSR-QDM-ADR-ESK-VSK-TLR-DGK-SDK
1720,NER-NAS-HSN-NAN-LDE-HSN-NAN-HSN-NAN-DSH-HSN-TAS-HGS-SAS-GGR-HSN-NAN-HSN-NSN-LQN-XXX-NAD-GSQ-SET-HSN-NSN-TRG-HSR
1721,SDH-RDK-LNK-RDK-VNQ-LNQ-RYE-NNR-EME
1722,GRE-YHA-DNH-DLV-DDC
1723,ADH-SLV-TDD
1724,QDE-SDV-SAR-KNQ-XXX-DKQ-SSQ-QKE-NAY-KDR-MSE-XXX-RGY
1725,RGQ-HTQ-WTK-HLQ-QAK-QAQ-QNH-QAQ-QSK
1726,XXX-XXX-YHI-ETK-HIN-QYI-CYV-SNR-DTI-LQI-CSK-YRK-QSV-YSV-YHR-CIR
1727,XXX-YNI-YSV-CQK-CVR-SQK-QPM-XNM-YTV-XXX-SSK-XXX
1728,XXX-NYR-XXX-HQR-CSN-XXX-HQR-RHV-QHV
1729,RHE-RDR-RYK
1730,DAK-EKR-LNT-QNI
1731,XXX-XXX-DTK-QYN-HTK-QHN-QSN-QNK-QSQ-QSM-QSK-RSQ-QHK-ESM-VYI-XXX-XXX
1732,XXX-CSN-QHI-QHK-QHI-QHR-HYK-HYK-CSI-HYN-CHR-CSN
1733,HYK-XXX-QHI-CSK-KNR-LYK-QGN-HSK-QYI-YHV-YSI-HYK-QHV-YSK-YYK-HYK-HNN-KLL-YHV-YSI-HYK-QHV-YSK-HYK-XXX-XXX
1734,SSR-CAS-RHL-SSR-YLM-YSL-RYF-HYL-RSR
1735,XXX-SSR-YYL-FAV-RDV-LHR-CNL-CNL-CHR-RHR
1736,YAL-GAL-YAL-YAL-STL-WSL-CSR-YLV-CSL-SYF-HYS-RSR
1737,FPT-SAR-YYL-FAL-FSL-RHL-RHR
1738,SSR-SSR-CAL-CYL-CSR-YLM-YLM-HSL-RSL-HSL-RYL-RSR
1739,FNK-GSR-SGR-NAH-XXX
1740,FNR-CNE-FNR-YND-YST-YST-TSY-STI-VSC-RSC-SNK-GSR-SGR-NAN-SKI-GSR-TDR-RSI
1741,SSE-SST-YGR-DSC-XXX-DSC-RSC-HAY-LAK-FSC-YSC-YSR-DSC-TSY
1742,YSN-RNA-STA-STA-TTA-STA-QYI-RHI-QYI-RHI-HYI-RSI-LSR-CSK
1743,CSK-YCR-NAE-TSM-RSL-HHA-SCR-YSN-YSN-CYN-YSR
1744,KHA-RER-RHL
1745,RYR-RNS-RSL-RTR-CNQ-LQS-TMR-TQE-RAC-NET-TKE-RNL-HVR
1746,LNS-SSS-XXX-XXX-XXX-XXX-XXX-QHT
1747,ETX-ETQ-ETQ-ETX-ETQ-ETX-ETQ-ETQ-ETX-ETX-ETX-ETX-ETQ-ETQ-ETQ-ETQ-ETX-ETX
1748,KHA-RER-RHL
1749,LSR-YSR-YPT-SSI-CSI-SST-RFV-CSI-AAV-CYA-SNR-FAA-CYV-YSG-LSR
1750,XXX-RYR-HSR-RHI-SSS-QEK-DTA-SGC-XXX-TNE-DSE-TSE-NST-SSQ-SDK-SSV-KDV-TEC-ALK-MLN-SGE-STE-SEE-SEI-SDS-NEI-SKC
1751,SAI-TNV-CAM-TNT-NVQ-CAI-TNQ-SAI
1752,HSE-XXX-LSQ-HER-QHH-HHR-XXX-RDQ-QAR-QHY-XXX-RAK-YDR-QHK-DLE
1753,RNR-TLN-TER-DKR-QTM-EAQ-QLM
1754,HSK-WQE-HSQ-RSQ-HSQ-RSQ-QSK-HDE-RSE-RSQ-QSQ-KND-RAK
1755,STE-YST-SSG-YTA-TNI-VNI-LNL-ANQ-DRV-NHL-TTT-TKL-TAK-QIV-QTI-NIS-XXX-SHE-AAA-ASD-GAQ
1756,VKW-YHT-VSR-CAT-VKQ-CQQ-KKQ-AKQ-CQQ-VKQ-SND-IKR-CDV-VHR-LDI-FQQ
1757,FLS-HNK-HNV-QET-KNI-QQI-QTL-RRV
1758,SGR-SEL-XXX-DMQ-KKR-EEV-KQR
1759,SSI-TNR-TIS-XXX-VDE-XXX
1760,TGR-SAM-RLG-DNA-XXX
1761,IYR-QHV-QSY-KNV
1762,XXX-XXX-CSY-RQT-VNK-QSY-FSY-HSY-REN-VNK-QNY-ASI-HSY-SHQ
1763,CYR-XXX-QHI-STV-HHV-SER-QTM-SQK-ETR-SQT-ETM-XXX-XXX-YHM-QTM-SIT-RHI
1764,YTV-NYV-SQR-CSM-SQK-YYV-XXX
1765,TNQ-SYV-DSL-TNS-TSG-KYQ-SSV-NAK-SYV
1766,TSR-DAS-TAI-RHA-HHE-WNL-DSK-NIT-ANA-DSR-NTT-INV-DSS
1767,YNI-RPQ-NCD-GGK-SGK-STT-CYI-ESK-CYN-VHK-VGK-TGE-SYA-CYI-VHK
1768,XXX-XXX-RYI-VCK-SQE-GST-TGE-SYV-RYR-RCR-XXX-EAK
1769,NET-HYI-ESV-QRE-SYT-RYG-GWI-SQE-NCT-AGK-TGE-HSG-RYI-ECK-SQV-NST-AGI-TGA-SYV-CYV-WYV-EGK
1770,SHT-YYI-YSI-QGI-TRQ-ING-YCN-YHI-HSI-CSI-HSR
1771,XXX-NRA-NYD-RGE-RQE-QGT-RGH-THK-YSI-VRK
1772,EYT-RNR-TRE-KGT-SRQ-TYN-SNR-NYN-AYR-NYK-RLD-YYK-TSE-SNH
1773,YSS-XXX-INE-XXX-RLE-XXX-XXX-RLG-XXX-XXX
1774,LHR-RHV-QSW-KSF
1775,YSI-CSR-SGG-SAK-CSK-SGG-SAR
1776,CSR-FSI-YTG-HLN-YTL-RSS-FSK-SSR-CSI-CSI-SSM-FSM-SSM-XXX-CSI-CSI
1777,XXX-SAT-CSR-SPV-XXX-CSR-HYM
1778,NTK-WDS-RHA-YDR-RKI-HQA-WQA
1779,XXX-SKL-HYQ-RHL-CQL-YHR-CDV-QKL-CHL-YQV-RHR-XXX
1780,CHV-SQV-RDV-CQV-CQV-CDR-RDV-CQV-CER-TDR
1781,RNQ-RSM-SEH-NNV
1782,SQQ-EKQ-SSS-RLD-RKL
1783,CHR-RHR-WDR-QVT-EQT-HAK-RHR-RHR
1784,AED-XXX-TLD-LSN-SSS-RNV
1785,DRM-KAT-AAQ-SAR-DTS-LQT-DAK-SSK
1786,TQC-TIQ-IPH-TED
1787,XXX-TSI-QAV-HYT-KYM-NYM-QDR-NYT-NYK-WVK-YSV-QNR
1788,XXX-XXX-RNI-NDK-HSK
1789,SLA-XXX-TSR-LYR-TIN-STM-VNK-LTI-YTN-TAM
1790,VLV-ALV-VLV-VLV
1791,VLV-VLV-ALV-VLV
1792,NYK-XXX-KSE-XXX-RSV-XXX-MYE-SNR-XXX
1793,WNR-RSL-CYE-WNR-QSE-YSI-NFI-WNR-RSD-RRN-KHS-WNR
1794,QRG-QQV-XXX-TND-RCR-QQD-LCR-QHI-YSV-DQV-QTH
1795,QNV-HNV-GHR-RGS-RNQ-SKD-FAE-SND-QQL-YQQ
1796,QNV-QNV-QNV-YQR-RNV-QNV-CHV-QCV-CYI-QSV-SHR
1797,XXX-ESK-QCQ-XXX-HSE
1798,YYR-RHR-XXX-XXX-DNR-CSM-SES-QHR-YEH-YER-QNA-QTI-YYR-QHM-XXX
1799,RHR-WHI-SRR-QTV-RHR-YSY-CHI-XXX-SNK-HHT-QSV-CYR-XXX-XXX
1800,RHM-QHM-XXX-YSV-XXX-GHM-XXX-YYL-RAR-XXX-XXX-YYV-TSK-XXX
1801,QAL-RIQ-QGN-QNR
1802,DQN-THE-CDK
1803,CDK-HHD-KDR
1804,NQK-CDK-HHD-KDR
1805,DQK-CDK-HHD-XXX
1806,KHV-QQI-ETI-QNV-QDI-DTI-ETV-QNV-QYL-QYI-EKI-QQI-ETV-QNV
1807,PFV-XXX-ETI-ENI-QHV-ETI-EKI-QHV-ETR-LSA-RYL-QYI-QYI-EKV
1808,CSR-LYK-NFS
1809,WRQ-LVQ-LKQ-QSH-QQR-QTQ-WRQ-QSY-MQS-QTQ-RYE-QKX
1810,NQC-TMQ-MPN-TEE
1811,RQG-RDR-RHG-HSR-RAL-QSI-QGM
1812,LLQ-GEE-KGQ-AHR-DEK-GGE-REK-QSE-GDK-RGR-RAK
1813,RNK-RAE-RNK-RAE-RNE-GQH-XXX-RNK-NLR
1814,XXX-QVX-XXX-RIQ-QSE-QEE
1815,XXX-XXX-HMQ-XXX-YAT-XXX-YSR
1816,SFR-KSN-HAT-ELR-HEK-DNT-DEQ-NDR-REK-DVR-QEK-DGR-REQ
1817,KQV-TKR-TNA-TKT-TAS-KRI-SKR-RHG-ASI-SST
1818,KQV-TKR-TNA-TKT-TAS-KRI-SKR-RHG-ASI-SST
1819,SFR-KSN-ELR-HEK-DNT-XXX-NDR-REK-DIG-QEK-DGR-REQ
1820,KHA-RER-RHL
1821,DAK-EKR-LNT-QNS
1822,TFR-KSN-HTT-ELH-HAK-DNT-DEQ-NDR-REK-DLH-QET-DGR-REQ
1823,TFR-KSN-ELH-HAK-DNT-DEQ-NDR-REK-DLH-QET-DGR-REQ
